"","MUNICIPIO","Reporte","Semana","CASOS SEMANALES","ACUMULADOS"
"1","Aconchi",2020-03-22,12,0,0
"2","Aconchi",2020-03-29,13,0,0
"3","Aconchi",2020-04-05,14,0,0
"4","Aconchi",2020-04-12,15,0,0
"5","Aconchi",2020-04-19,16,0,0
"6","Aconchi",2020-04-26,17,0,0
"7","Aconchi",2020-05-03,18,0,0
"8","Aconchi",2020-05-10,19,0,0
"9","Aconchi",2020-05-17,20,0,0
"10","Aconchi",2020-05-24,21,0,0
"11","Aconchi",2020-05-31,22,0,0
"12","Aconchi",2020-06-07,23,0,0
"13","Aconchi",2020-06-14,24,1,1
"14","Aconchi",2020-06-21,25,0,1
"15","Aconchi",2020-06-28,26,1,2
"16","Aconchi",2020-07-05,27,0,2
"17","Aconchi",2020-07-12,28,0,2
"18","Aconchi",2020-07-19,29,0,2
"19","Aconchi",2020-07-26,30,3,5
"20","Aconchi",2020-08-02,31,1,6
"21","Aconchi",2020-08-09,32,0,6
"22","Aconchi",2020-08-16,33,3,9
"23","Aconchi",2020-08-23,34,0,9
"24","Aconchi",2020-08-30,35,2,11
"25","Aconchi",2020-09-06,36,0,11
"26","Aconchi",2020-09-13,37,0,11
"27","Aconchi",2020-09-20,38,0,11
"28","Aconchi",2020-09-27,39,2,13
"29","Aconchi",2020-10-04,40,2,15
"30","Aconchi",2020-10-11,41,0,15
"31","Aconchi",2020-10-18,42,0,15
"32","Aconchi",2020-10-25,43,1,16
"33","Aconchi",2020-11-01,44,0,16
"34","Aconchi",2020-11-08,45,0,16
"35","Aconchi",2020-11-15,46,4,20
"36","Aconchi",2020-11-22,47,0,20
"37","Aconchi",2020-11-29,48,0,20
"38","Aconchi",2020-12-06,49,0,20
"39","Aconchi",2020-12-13,50,1,21
"40","Agua Prieta",2020-03-22,12,0,0
"41","Agua Prieta",2020-03-29,13,0,0
"42","Agua Prieta",2020-04-05,14,0,0
"43","Agua Prieta",2020-04-12,15,0,0
"44","Agua Prieta",2020-04-19,16,1,1
"45","Agua Prieta",2020-04-26,17,0,1
"46","Agua Prieta",2020-05-03,18,3,4
"47","Agua Prieta",2020-05-10,19,7,11
"48","Agua Prieta",2020-05-17,20,3,14
"49","Agua Prieta",2020-05-24,21,8,22
"50","Agua Prieta",2020-05-31,22,18,40
"51","Agua Prieta",2020-06-07,23,23,63
"52","Agua Prieta",2020-06-14,24,41,104
"53","Agua Prieta",2020-06-21,25,48,152
"54","Agua Prieta",2020-06-28,26,70,222
"55","Agua Prieta",2020-07-05,27,49,271
"56","Agua Prieta",2020-07-12,28,96,367
"57","Agua Prieta",2020-07-19,29,80,447
"58","Agua Prieta",2020-07-26,30,55,502
"59","Agua Prieta",2020-08-02,31,85,587
"60","Agua Prieta",2020-08-09,32,18,605
"61","Agua Prieta",2020-08-16,33,40,645
"62","Agua Prieta",2020-08-23,34,33,678
"63","Agua Prieta",2020-08-30,35,15,693
"64","Agua Prieta",2020-09-06,36,33,726
"65","Agua Prieta",2020-09-13,37,1,727
"66","Agua Prieta",2020-09-20,38,5,732
"67","Agua Prieta",2020-09-27,39,8,740
"68","Agua Prieta",2020-10-04,40,1,741
"69","Agua Prieta",2020-10-11,41,3,744
"70","Agua Prieta",2020-10-18,42,8,752
"71","Agua Prieta",2020-10-25,43,13,765
"72","Agua Prieta",2020-11-01,44,23,788
"73","Agua Prieta",2020-11-08,45,20,808
"74","Agua Prieta",2020-11-15,46,34,842
"75","Agua Prieta",2020-11-22,47,67,909
"76","Agua Prieta",2020-11-29,48,47,956
"77","Agua Prieta",2020-12-06,49,54,1010
"78","Agua Prieta",2020-12-13,50,27,1037
"79","Álamos",2020-03-22,12,0,0
"80","Álamos",2020-03-29,13,0,0
"81","Álamos",2020-04-05,14,0,0
"82","Álamos",2020-04-12,15,0,0
"83","Álamos",2020-04-19,16,0,0
"84","Álamos",2020-04-26,17,0,0
"85","Álamos",2020-05-03,18,0,0
"86","Álamos",2020-05-10,19,0,0
"87","Álamos",2020-05-17,20,0,0
"88","Álamos",2020-05-24,21,0,0
"89","Álamos",2020-05-31,22,1,1
"90","Álamos",2020-06-07,23,3,4
"91","Álamos",2020-06-14,24,1,5
"92","Álamos",2020-06-21,25,6,11
"93","Álamos",2020-06-28,26,8,19
"94","Álamos",2020-07-05,27,8,27
"95","Álamos",2020-07-12,28,10,37
"96","Álamos",2020-07-19,29,3,40
"97","Álamos",2020-07-26,30,5,45
"98","Álamos",2020-08-02,31,4,49
"99","Álamos",2020-08-09,32,1,50
"100","Álamos",2020-08-16,33,2,52
"101","Álamos",2020-08-23,34,4,56
"102","Álamos",2020-08-30,35,2,58
"103","Álamos",2020-09-06,36,2,60
"104","Álamos",2020-09-13,37,4,64
"105","Álamos",2020-09-20,38,2,66
"106","Álamos",2020-09-27,39,2,68
"107","Álamos",2020-10-04,40,0,68
"108","Álamos",2020-10-11,41,1,69
"109","Álamos",2020-10-18,42,3,72
"110","Álamos",2020-10-25,43,1,73
"111","Álamos",2020-11-01,44,2,75
"112","Álamos",2020-11-08,45,2,77
"113","Álamos",2020-11-15,46,3,80
"114","Álamos",2020-11-22,47,7,87
"115","Álamos",2020-11-29,48,2,89
"116","Álamos",2020-12-06,49,12,101
"117","Álamos",2020-12-13,50,3,104
"118","Altar",2020-03-22,12,0,0
"119","Altar",2020-03-29,13,0,0
"120","Altar",2020-04-05,14,0,0
"121","Altar",2020-04-12,15,0,0
"122","Altar",2020-04-19,16,0,0
"123","Altar",2020-04-26,17,0,0
"124","Altar",2020-05-03,18,0,0
"125","Altar",2020-05-10,19,2,2
"126","Altar",2020-05-17,20,2,4
"127","Altar",2020-05-24,21,2,6
"128","Altar",2020-05-31,22,3,9
"129","Altar",2020-06-07,23,6,15
"130","Altar",2020-06-14,24,1,16
"131","Altar",2020-06-21,25,6,22
"132","Altar",2020-06-28,26,0,22
"133","Altar",2020-07-05,27,4,26
"134","Altar",2020-07-12,28,5,31
"135","Altar",2020-07-19,29,1,32
"136","Altar",2020-07-26,30,5,37
"137","Altar",2020-08-02,31,2,39
"138","Altar",2020-08-09,32,1,40
"139","Altar",2020-08-16,33,2,42
"140","Altar",2020-08-23,34,0,42
"141","Altar",2020-08-30,35,2,44
"142","Altar",2020-09-06,36,0,44
"143","Altar",2020-09-13,37,2,46
"144","Altar",2020-09-20,38,3,49
"145","Altar",2020-09-27,39,0,49
"146","Altar",2020-10-04,40,1,50
"147","Altar",2020-10-11,41,2,52
"148","Altar",2020-10-18,42,0,52
"149","Altar",2020-10-25,43,1,53
"150","Altar",2020-11-01,44,1,54
"151","Altar",2020-11-08,45,6,60
"152","Altar",2020-11-15,46,0,60
"153","Altar",2020-11-22,47,0,60
"154","Altar",2020-11-29,48,1,61
"155","Altar",2020-12-06,49,4,65
"156","Altar",2020-12-13,50,0,65
"157","Arivechi",2020-03-22,12,0,0
"158","Arivechi",2020-03-29,13,0,0
"159","Arivechi",2020-04-05,14,0,0
"160","Arivechi",2020-04-12,15,0,0
"161","Arivechi",2020-04-19,16,0,0
"162","Arivechi",2020-04-26,17,0,0
"163","Arivechi",2020-05-03,18,0,0
"164","Arivechi",2020-05-10,19,0,0
"165","Arivechi",2020-05-17,20,0,0
"166","Arivechi",2020-05-24,21,0,0
"167","Arivechi",2020-05-31,22,0,0
"168","Arivechi",2020-06-07,23,0,0
"169","Arivechi",2020-06-14,24,0,0
"170","Arivechi",2020-06-21,25,0,0
"171","Arivechi",2020-06-28,26,0,0
"172","Arivechi",2020-07-05,27,0,0
"173","Arivechi",2020-07-12,28,0,0
"174","Arivechi",2020-07-19,29,0,0
"175","Arivechi",2020-07-26,30,0,0
"176","Arivechi",2020-08-02,31,0,0
"177","Arivechi",2020-08-09,32,0,0
"178","Arivechi",2020-08-16,33,0,0
"179","Arivechi",2020-08-23,34,0,0
"180","Arivechi",2020-08-30,35,0,0
"181","Arivechi",2020-09-06,36,0,0
"182","Arivechi",2020-09-13,37,0,0
"183","Arivechi",2020-09-20,38,0,0
"184","Arivechi",2020-09-27,39,0,0
"185","Arivechi",2020-10-04,40,0,0
"186","Arivechi",2020-10-11,41,0,0
"187","Arivechi",2020-10-18,42,0,0
"188","Arivechi",2020-10-25,43,0,0
"189","Arivechi",2020-11-01,44,0,0
"190","Arivechi",2020-11-08,45,0,0
"191","Arivechi",2020-11-15,46,0,0
"192","Arivechi",2020-11-22,47,0,0
"193","Arivechi",2020-11-29,48,3,3
"194","Arivechi",2020-12-06,49,3,6
"195","Arivechi",2020-12-13,50,2,8
"196","Arizpe",2020-03-22,12,0,0
"197","Arizpe",2020-03-29,13,0,0
"198","Arizpe",2020-04-05,14,0,0
"199","Arizpe",2020-04-12,15,0,0
"200","Arizpe",2020-04-19,16,0,0
"201","Arizpe",2020-04-26,17,0,0
"202","Arizpe",2020-05-03,18,0,0
"203","Arizpe",2020-05-10,19,0,0
"204","Arizpe",2020-05-17,20,0,0
"205","Arizpe",2020-05-24,21,0,0
"206","Arizpe",2020-05-31,22,0,0
"207","Arizpe",2020-06-07,23,0,0
"208","Arizpe",2020-06-14,24,2,2
"209","Arizpe",2020-06-21,25,8,10
"210","Arizpe",2020-06-28,26,1,11
"211","Arizpe",2020-07-05,27,0,11
"212","Arizpe",2020-07-12,28,0,11
"213","Arizpe",2020-07-19,29,0,11
"214","Arizpe",2020-07-26,30,0,11
"215","Arizpe",2020-08-02,31,0,11
"216","Arizpe",2020-08-09,32,0,11
"217","Arizpe",2020-08-16,33,0,11
"218","Arizpe",2020-08-23,34,0,11
"219","Arizpe",2020-08-30,35,0,11
"220","Arizpe",2020-09-06,36,0,11
"221","Arizpe",2020-09-13,37,0,11
"222","Arizpe",2020-09-20,38,0,11
"223","Arizpe",2020-09-27,39,0,11
"224","Arizpe",2020-10-04,40,0,11
"225","Arizpe",2020-10-11,41,0,11
"226","Arizpe",2020-10-18,42,0,11
"227","Arizpe",2020-10-25,43,0,11
"228","Arizpe",2020-11-01,44,0,11
"229","Arizpe",2020-11-08,45,0,11
"230","Arizpe",2020-11-15,46,0,11
"231","Arizpe",2020-11-22,47,1,12
"232","Arizpe",2020-11-29,48,0,12
"233","Arizpe",2020-12-06,49,3,15
"234","Arizpe",2020-12-13,50,0,15
"235","Bacerac",2020-03-22,12,0,0
"236","Bacerac",2020-03-29,13,0,0
"237","Bacerac",2020-04-05,14,0,0
"238","Bacerac",2020-04-12,15,0,0
"239","Bacerac",2020-04-19,16,0,0
"240","Bacerac",2020-04-26,17,0,0
"241","Bacerac",2020-05-03,18,0,0
"242","Bacerac",2020-05-10,19,0,0
"243","Bacerac",2020-05-17,20,0,0
"244","Bacerac",2020-05-24,21,0,0
"245","Bacerac",2020-05-31,22,0,0
"246","Bacerac",2020-06-07,23,0,0
"247","Bacerac",2020-06-14,24,2,2
"248","Bacerac",2020-06-21,25,1,3
"249","Bacerac",2020-06-28,26,0,3
"250","Bacerac",2020-07-05,27,0,3
"251","Bacerac",2020-07-12,28,0,3
"252","Bacerac",2020-07-19,29,0,3
"253","Bacerac",2020-07-26,30,0,3
"254","Bacerac",2020-08-02,31,0,3
"255","Bacerac",2020-08-09,32,0,3
"256","Bacerac",2020-08-16,33,0,3
"257","Bacerac",2020-08-23,34,0,3
"258","Bacerac",2020-08-30,35,0,3
"259","Bacerac",2020-09-06,36,0,3
"260","Bacerac",2020-09-13,37,0,3
"261","Bacerac",2020-09-20,38,0,3
"262","Bacerac",2020-09-27,39,0,3
"263","Bacerac",2020-10-04,40,0,3
"264","Bacerac",2020-10-11,41,0,3
"265","Bacerac",2020-10-18,42,0,3
"266","Bacerac",2020-10-25,43,0,3
"267","Bacerac",2020-11-01,44,0,3
"268","Bacerac",2020-11-08,45,0,3
"269","Bacerac",2020-11-15,46,0,3
"270","Bacerac",2020-11-22,47,0,3
"271","Bacerac",2020-11-29,48,0,3
"272","Bacerac",2020-12-06,49,0,3
"273","Bacerac",2020-12-13,50,0,3
"274","Bacoachi",2020-03-22,12,0,0
"275","Bacoachi",2020-03-29,13,0,0
"276","Bacoachi",2020-04-05,14,0,0
"277","Bacoachi",2020-04-12,15,0,0
"278","Bacoachi",2020-04-19,16,0,0
"279","Bacoachi",2020-04-26,17,0,0
"280","Bacoachi",2020-05-03,18,0,0
"281","Bacoachi",2020-05-10,19,0,0
"282","Bacoachi",2020-05-17,20,0,0
"283","Bacoachi",2020-05-24,21,0,0
"284","Bacoachi",2020-05-31,22,0,0
"285","Bacoachi",2020-06-07,23,0,0
"286","Bacoachi",2020-06-14,24,0,0
"287","Bacoachi",2020-06-21,25,11,11
"288","Bacoachi",2020-06-28,26,3,14
"289","Bacoachi",2020-07-05,27,1,15
"290","Bacoachi",2020-07-12,28,1,16
"291","Bacoachi",2020-07-19,29,0,16
"292","Bacoachi",2020-07-26,30,0,16
"293","Bacoachi",2020-08-02,31,2,18
"294","Bacoachi",2020-08-09,32,0,18
"295","Bacoachi",2020-08-16,33,0,18
"296","Bacoachi",2020-08-23,34,0,18
"297","Bacoachi",2020-08-30,35,0,18
"298","Bacoachi",2020-09-06,36,0,18
"299","Bacoachi",2020-09-13,37,1,19
"300","Bacoachi",2020-09-20,38,0,19
"301","Bacoachi",2020-09-27,39,1,20
"302","Bacoachi",2020-10-04,40,0,20
"303","Bacoachi",2020-10-11,41,0,20
"304","Bacoachi",2020-10-18,42,0,20
"305","Bacoachi",2020-10-25,43,0,20
"306","Bacoachi",2020-11-01,44,2,22
"307","Bacoachi",2020-11-08,45,1,23
"308","Bacoachi",2020-11-15,46,1,24
"309","Bacoachi",2020-11-22,47,1,25
"310","Bacoachi",2020-11-29,48,0,25
"311","Bacoachi",2020-12-06,49,2,27
"312","Bacoachi",2020-12-13,50,6,33
"313","Bácum",2020-03-22,12,0,0
"314","Bácum",2020-03-29,13,0,0
"315","Bácum",2020-04-05,14,0,0
"316","Bácum",2020-04-12,15,0,0
"317","Bácum",2020-04-19,16,0,0
"318","Bácum",2020-04-26,17,0,0
"319","Bácum",2020-05-03,18,0,0
"320","Bácum",2020-05-10,19,0,0
"321","Bácum",2020-05-17,20,1,1
"322","Bácum",2020-05-24,21,2,3
"323","Bácum",2020-05-31,22,1,4
"324","Bácum",2020-06-07,23,4,8
"325","Bácum",2020-06-14,24,2,10
"326","Bácum",2020-06-21,25,6,16
"327","Bácum",2020-06-28,26,5,21
"328","Bácum",2020-07-05,27,9,30
"329","Bácum",2020-07-12,28,4,34
"330","Bácum",2020-07-19,29,3,37
"331","Bácum",2020-07-26,30,5,42
"332","Bácum",2020-08-02,31,16,58
"333","Bácum",2020-08-09,32,35,93
"334","Bácum",2020-08-16,33,24,117
"335","Bácum",2020-08-23,34,17,134
"336","Bácum",2020-08-30,35,5,139
"337","Bácum",2020-09-06,36,4,143
"338","Bácum",2020-09-13,37,3,146
"339","Bácum",2020-09-20,38,2,148
"340","Bácum",2020-09-27,39,2,150
"341","Bácum",2020-10-04,40,3,153
"342","Bácum",2020-10-11,41,0,153
"343","Bácum",2020-10-18,42,2,155
"344","Bácum",2020-10-25,43,1,156
"345","Bácum",2020-11-01,44,3,159
"346","Bácum",2020-11-08,45,0,159
"347","Bácum",2020-11-15,46,1,160
"348","Bácum",2020-11-22,47,1,161
"349","Bácum",2020-11-29,48,3,164
"350","Bácum",2020-12-06,49,2,166
"351","Bácum",2020-12-13,50,1,167
"352","Banámichi",2020-03-22,12,0,0
"353","Banámichi",2020-03-29,13,0,0
"354","Banámichi",2020-04-05,14,0,0
"355","Banámichi",2020-04-12,15,0,0
"356","Banámichi",2020-04-19,16,0,0
"357","Banámichi",2020-04-26,17,0,0
"358","Banámichi",2020-05-03,18,0,0
"359","Banámichi",2020-05-10,19,0,0
"360","Banámichi",2020-05-17,20,0,0
"361","Banámichi",2020-05-24,21,0,0
"362","Banámichi",2020-05-31,22,0,0
"363","Banámichi",2020-06-07,23,0,0
"364","Banámichi",2020-06-14,24,0,0
"365","Banámichi",2020-06-21,25,0,0
"366","Banámichi",2020-06-28,26,0,0
"367","Banámichi",2020-07-05,27,0,0
"368","Banámichi",2020-07-12,28,0,0
"369","Banámichi",2020-07-19,29,0,0
"370","Banámichi",2020-07-26,30,0,0
"371","Banámichi",2020-08-02,31,1,1
"372","Banámichi",2020-08-09,32,1,2
"373","Banámichi",2020-08-16,33,0,2
"374","Banámichi",2020-08-23,34,0,2
"375","Banámichi",2020-08-30,35,0,2
"376","Banámichi",2020-09-06,36,0,2
"377","Banámichi",2020-09-13,37,0,2
"378","Banámichi",2020-09-20,38,0,2
"379","Banámichi",2020-09-27,39,0,2
"380","Banámichi",2020-10-04,40,0,2
"381","Banámichi",2020-10-11,41,1,3
"382","Banámichi",2020-10-18,42,0,3
"383","Banámichi",2020-10-25,43,0,3
"384","Banámichi",2020-11-01,44,0,3
"385","Banámichi",2020-11-08,45,0,3
"386","Banámichi",2020-11-15,46,0,3
"387","Banámichi",2020-11-22,47,1,4
"388","Banámichi",2020-11-29,48,2,6
"389","Banámichi",2020-12-06,49,2,8
"390","Banámichi",2020-12-13,50,0,8
"391","Baviácora",2020-03-22,12,0,0
"392","Baviácora",2020-03-29,13,0,0
"393","Baviácora",2020-04-05,14,0,0
"394","Baviácora",2020-04-12,15,0,0
"395","Baviácora",2020-04-19,16,0,0
"396","Baviácora",2020-04-26,17,0,0
"397","Baviácora",2020-05-03,18,0,0
"398","Baviácora",2020-05-10,19,0,0
"399","Baviácora",2020-05-17,20,0,0
"400","Baviácora",2020-05-24,21,0,0
"401","Baviácora",2020-05-31,22,2,2
"402","Baviácora",2020-06-07,23,0,2
"403","Baviácora",2020-06-14,24,0,2
"404","Baviácora",2020-06-21,25,1,3
"405","Baviácora",2020-06-28,26,1,4
"406","Baviácora",2020-07-05,27,4,8
"407","Baviácora",2020-07-12,28,7,15
"408","Baviácora",2020-07-19,29,1,16
"409","Baviácora",2020-07-26,30,0,16
"410","Baviácora",2020-08-02,31,12,28
"411","Baviácora",2020-08-09,32,0,28
"412","Baviácora",2020-08-16,33,1,29
"413","Baviácora",2020-08-23,34,0,29
"414","Baviácora",2020-08-30,35,0,29
"415","Baviácora",2020-09-06,36,0,29
"416","Baviácora",2020-09-13,37,0,29
"417","Baviácora",2020-09-20,38,0,29
"418","Baviácora",2020-09-27,39,3,32
"419","Baviácora",2020-10-04,40,0,32
"420","Baviácora",2020-10-11,41,0,32
"421","Baviácora",2020-10-18,42,0,32
"422","Baviácora",2020-10-25,43,0,32
"423","Baviácora",2020-11-01,44,1,33
"424","Baviácora",2020-11-08,45,0,33
"425","Baviácora",2020-11-15,46,2,35
"426","Baviácora",2020-11-22,47,1,36
"427","Baviácora",2020-11-29,48,0,36
"428","Baviácora",2020-12-06,49,8,44
"429","Baviácora",2020-12-13,50,7,51
"430","Bavispe",2020-03-22,12,0,0
"431","Bavispe",2020-03-29,13,0,0
"432","Bavispe",2020-04-05,14,0,0
"433","Bavispe",2020-04-12,15,0,0
"434","Bavispe",2020-04-19,16,0,0
"435","Bavispe",2020-04-26,17,0,0
"436","Bavispe",2020-05-03,18,0,0
"437","Bavispe",2020-05-10,19,0,0
"438","Bavispe",2020-05-17,20,0,0
"439","Bavispe",2020-05-24,21,0,0
"440","Bavispe",2020-05-31,22,1,1
"441","Bavispe",2020-06-07,23,2,3
"442","Bavispe",2020-06-14,24,0,3
"443","Bavispe",2020-06-21,25,2,5
"444","Bavispe",2020-06-28,26,0,5
"445","Bavispe",2020-07-05,27,0,5
"446","Bavispe",2020-07-12,28,0,5
"447","Bavispe",2020-07-19,29,0,5
"448","Bavispe",2020-07-26,30,0,5
"449","Bavispe",2020-08-02,31,0,5
"450","Bavispe",2020-08-09,32,0,5
"451","Bavispe",2020-08-16,33,0,5
"452","Bavispe",2020-08-23,34,0,5
"453","Bavispe",2020-08-30,35,0,5
"454","Bavispe",2020-09-06,36,0,5
"455","Bavispe",2020-09-13,37,0,5
"456","Bavispe",2020-09-20,38,0,5
"457","Bavispe",2020-09-27,39,0,5
"458","Bavispe",2020-10-04,40,0,5
"459","Bavispe",2020-10-11,41,0,5
"460","Bavispe",2020-10-18,42,0,5
"461","Bavispe",2020-10-25,43,0,5
"462","Bavispe",2020-11-01,44,0,5
"463","Bavispe",2020-11-08,45,0,5
"464","Bavispe",2020-11-15,46,0,5
"465","Bavispe",2020-11-22,47,0,5
"466","Bavispe",2020-11-29,48,1,6
"467","Bavispe",2020-12-06,49,0,6
"468","Bavispe",2020-12-13,50,0,6
"469","Benito Juárez",2020-03-22,12,0,0
"470","Benito Juárez",2020-03-29,13,0,0
"471","Benito Juárez",2020-04-05,14,0,0
"472","Benito Juárez",2020-04-12,15,0,0
"473","Benito Juárez",2020-04-19,16,0,0
"474","Benito Juárez",2020-04-26,17,0,0
"475","Benito Juárez",2020-05-03,18,0,0
"476","Benito Juárez",2020-05-10,19,0,0
"477","Benito Juárez",2020-05-17,20,0,0
"478","Benito Juárez",2020-05-24,21,7,7
"479","Benito Juárez",2020-05-31,22,0,7
"480","Benito Juárez",2020-06-07,23,5,12
"481","Benito Juárez",2020-06-14,24,1,13
"482","Benito Juárez",2020-06-21,25,3,16
"483","Benito Juárez",2020-06-28,26,4,20
"484","Benito Juárez",2020-07-05,27,2,22
"485","Benito Juárez",2020-07-12,28,0,22
"486","Benito Juárez",2020-07-19,29,3,25
"487","Benito Juárez",2020-07-26,30,7,32
"488","Benito Juárez",2020-08-02,31,7,39
"489","Benito Juárez",2020-08-09,32,20,59
"490","Benito Juárez",2020-08-16,33,18,77
"491","Benito Juárez",2020-08-23,34,3,80
"492","Benito Juárez",2020-08-30,35,3,83
"493","Benito Juárez",2020-09-06,36,4,87
"494","Benito Juárez",2020-09-13,37,5,92
"495","Benito Juárez",2020-09-20,38,6,98
"496","Benito Juárez",2020-09-27,39,9,107
"497","Benito Juárez",2020-10-04,40,6,113
"498","Benito Juárez",2020-10-11,41,1,114
"499","Benito Juárez",2020-10-18,42,0,114
"500","Benito Juárez",2020-10-25,43,0,114
"501","Benito Juárez",2020-11-01,44,0,114
"502","Benito Juárez",2020-11-08,45,0,114
"503","Benito Juárez",2020-11-15,46,2,116
"504","Benito Juárez",2020-11-22,47,0,116
"505","Benito Juárez",2020-11-29,48,3,119
"506","Benito Juárez",2020-12-06,49,1,120
"507","Benito Juárez",2020-12-13,50,2,122
"508","Benjamín Hill",2020-03-22,12,0,0
"509","Benjamín Hill",2020-03-29,13,0,0
"510","Benjamín Hill",2020-04-05,14,0,0
"511","Benjamín Hill",2020-04-12,15,0,0
"512","Benjamín Hill",2020-04-19,16,0,0
"513","Benjamín Hill",2020-04-26,17,0,0
"514","Benjamín Hill",2020-05-03,18,0,0
"515","Benjamín Hill",2020-05-10,19,0,0
"516","Benjamín Hill",2020-05-17,20,0,0
"517","Benjamín Hill",2020-05-24,21,0,0
"518","Benjamín Hill",2020-05-31,22,1,1
"519","Benjamín Hill",2020-06-07,23,0,1
"520","Benjamín Hill",2020-06-14,24,1,2
"521","Benjamín Hill",2020-06-21,25,3,5
"522","Benjamín Hill",2020-06-28,26,5,10
"523","Benjamín Hill",2020-07-05,27,1,11
"524","Benjamín Hill",2020-07-12,28,1,12
"525","Benjamín Hill",2020-07-19,29,3,15
"526","Benjamín Hill",2020-07-26,30,0,15
"527","Benjamín Hill",2020-08-02,31,0,15
"528","Benjamín Hill",2020-08-09,32,1,16
"529","Benjamín Hill",2020-08-16,33,2,18
"530","Benjamín Hill",2020-08-23,34,0,18
"531","Benjamín Hill",2020-08-30,35,1,19
"532","Benjamín Hill",2020-09-06,36,2,21
"533","Benjamín Hill",2020-09-13,37,0,21
"534","Benjamín Hill",2020-09-20,38,0,21
"535","Benjamín Hill",2020-09-27,39,0,21
"536","Benjamín Hill",2020-10-04,40,2,23
"537","Benjamín Hill",2020-10-11,41,1,24
"538","Benjamín Hill",2020-10-18,42,0,24
"539","Benjamín Hill",2020-10-25,43,0,24
"540","Benjamín Hill",2020-11-01,44,0,24
"541","Benjamín Hill",2020-11-08,45,0,24
"542","Benjamín Hill",2020-11-15,46,1,25
"543","Benjamín Hill",2020-11-22,47,1,26
"544","Benjamín Hill",2020-11-29,48,2,28
"545","Benjamín Hill",2020-12-06,49,1,29
"546","Benjamín Hill",2020-12-13,50,2,31
"547","Caborca",2020-03-22,12,0,0
"548","Caborca",2020-03-29,13,0,0
"549","Caborca",2020-04-05,14,0,0
"550","Caborca",2020-04-12,15,2,2
"551","Caborca",2020-04-19,16,4,6
"552","Caborca",2020-04-26,17,2,8
"553","Caborca",2020-05-03,18,7,15
"554","Caborca",2020-05-10,19,5,20
"555","Caborca",2020-05-17,20,12,32
"556","Caborca",2020-05-24,21,27,59
"557","Caborca",2020-05-31,22,14,73
"558","Caborca",2020-06-07,23,30,103
"559","Caborca",2020-06-14,24,67,170
"560","Caborca",2020-06-21,25,67,237
"561","Caborca",2020-06-28,26,38,275
"562","Caborca",2020-07-05,27,116,391
"563","Caborca",2020-07-12,28,95,486
"564","Caborca",2020-07-19,29,101,587
"565","Caborca",2020-07-26,30,133,720
"566","Caborca",2020-08-02,31,133,853
"567","Caborca",2020-08-09,32,96,949
"568","Caborca",2020-08-16,33,160,1109
"569","Caborca",2020-08-23,34,82,1191
"570","Caborca",2020-08-30,35,72,1263
"571","Caborca",2020-09-06,36,48,1311
"572","Caborca",2020-09-13,37,39,1350
"573","Caborca",2020-09-20,38,33,1383
"574","Caborca",2020-09-27,39,28,1411
"575","Caborca",2020-10-04,40,27,1438
"576","Caborca",2020-10-11,41,32,1470
"577","Caborca",2020-10-18,42,13,1483
"578","Caborca",2020-10-25,43,36,1519
"579","Caborca",2020-11-01,44,39,1558
"580","Caborca",2020-11-08,45,45,1603
"581","Caborca",2020-11-15,46,38,1641
"582","Caborca",2020-11-22,47,45,1686
"583","Caborca",2020-11-29,48,72,1758
"584","Caborca",2020-12-06,49,55,1813
"585","Caborca",2020-12-13,50,44,1857
"586","Cajeme",2020-03-22,12,0,0
"587","Cajeme",2020-03-29,13,4,4
"588","Cajeme",2020-04-05,14,1,5
"589","Cajeme",2020-04-12,15,2,7
"590","Cajeme",2020-04-19,16,4,11
"591","Cajeme",2020-04-26,17,3,14
"592","Cajeme",2020-05-03,18,12,26
"593","Cajeme",2020-05-10,19,26,52
"594","Cajeme",2020-05-17,20,70,122
"595","Cajeme",2020-05-24,21,120,242
"596","Cajeme",2020-05-31,22,158,400
"597","Cajeme",2020-06-07,23,237,637
"598","Cajeme",2020-06-14,24,290,927
"599","Cajeme",2020-06-21,25,343,1270
"600","Cajeme",2020-06-28,26,312,1582
"601","Cajeme",2020-07-05,27,357,1939
"602","Cajeme",2020-07-12,28,208,2147
"603","Cajeme",2020-07-19,29,276,2423
"604","Cajeme",2020-07-26,30,241,2664
"605","Cajeme",2020-08-02,31,233,2897
"606","Cajeme",2020-08-09,32,439,3336
"607","Cajeme",2020-08-16,33,276,3612
"608","Cajeme",2020-08-23,34,214,3826
"609","Cajeme",2020-08-30,35,152,3978
"610","Cajeme",2020-09-06,36,144,4122
"611","Cajeme",2020-09-13,37,120,4242
"612","Cajeme",2020-09-20,38,112,4354
"613","Cajeme",2020-09-27,39,64,4418
"614","Cajeme",2020-10-04,40,84,4502
"615","Cajeme",2020-10-11,41,97,4599
"616","Cajeme",2020-10-18,42,120,4719
"617","Cajeme",2020-10-25,43,79,4798
"618","Cajeme",2020-11-01,44,72,4870
"619","Cajeme",2020-11-08,45,47,4917
"620","Cajeme",2020-11-15,46,124,5041
"621","Cajeme",2020-11-22,47,127,5168
"622","Cajeme",2020-11-29,48,266,5434
"623","Cajeme",2020-12-06,49,201,5635
"624","Cajeme",2020-12-13,50,127,5762
"625","Cananea",2020-03-22,12,0,0
"626","Cananea",2020-03-29,13,0,0
"627","Cananea",2020-04-05,14,0,0
"628","Cananea",2020-04-12,15,0,0
"629","Cananea",2020-04-19,16,0,0
"630","Cananea",2020-04-26,17,0,0
"631","Cananea",2020-05-03,18,0,0
"632","Cananea",2020-05-10,19,8,8
"633","Cananea",2020-05-17,20,9,17
"634","Cananea",2020-05-24,21,2,19
"635","Cananea",2020-05-31,22,6,25
"636","Cananea",2020-06-07,23,10,35
"637","Cananea",2020-06-14,24,16,51
"638","Cananea",2020-06-21,25,25,76
"639","Cananea",2020-06-28,26,24,100
"640","Cananea",2020-07-05,27,20,120
"641","Cananea",2020-07-12,28,38,158
"642","Cananea",2020-07-19,29,20,178
"643","Cananea",2020-07-26,30,89,267
"644","Cananea",2020-08-02,31,48,315
"645","Cananea",2020-08-09,32,34,349
"646","Cananea",2020-08-16,33,30,379
"647","Cananea",2020-08-23,34,20,399
"648","Cananea",2020-08-30,35,8,407
"649","Cananea",2020-09-06,36,14,421
"650","Cananea",2020-09-13,37,6,427
"651","Cananea",2020-09-20,38,13,440
"652","Cananea",2020-09-27,39,35,475
"653","Cananea",2020-10-04,40,65,540
"654","Cananea",2020-10-11,41,64,604
"655","Cananea",2020-10-18,42,66,670
"656","Cananea",2020-10-25,43,64,734
"657","Cananea",2020-11-01,44,131,865
"658","Cananea",2020-11-08,45,96,961
"659","Cananea",2020-11-15,46,143,1104
"660","Cananea",2020-11-22,47,62,1166
"661","Cananea",2020-11-29,48,94,1260
"662","Cananea",2020-12-06,49,143,1403
"663","Cananea",2020-12-13,50,73,1476
"664","Carbó",2020-03-22,12,0,0
"665","Carbó",2020-03-29,13,0,0
"666","Carbó",2020-04-05,14,0,0
"667","Carbó",2020-04-12,15,0,0
"668","Carbó",2020-04-19,16,0,0
"669","Carbó",2020-04-26,17,0,0
"670","Carbó",2020-05-03,18,0,0
"671","Carbó",2020-05-10,19,0,0
"672","Carbó",2020-05-17,20,0,0
"673","Carbó",2020-05-24,21,0,0
"674","Carbó",2020-05-31,22,1,1
"675","Carbó",2020-06-07,23,0,1
"676","Carbó",2020-06-14,24,0,1
"677","Carbó",2020-06-21,25,0,1
"678","Carbó",2020-06-28,26,0,1
"679","Carbó",2020-07-05,27,0,1
"680","Carbó",2020-07-12,28,0,1
"681","Carbó",2020-07-19,29,1,2
"682","Carbó",2020-07-26,30,0,2
"683","Carbó",2020-08-02,31,0,2
"684","Carbó",2020-08-09,32,0,2
"685","Carbó",2020-08-16,33,1,3
"686","Carbó",2020-08-23,34,3,6
"687","Carbó",2020-08-30,35,0,6
"688","Carbó",2020-09-06,36,0,6
"689","Carbó",2020-09-13,37,0,6
"690","Carbó",2020-09-20,38,0,6
"691","Carbó",2020-09-27,39,0,6
"692","Carbó",2020-10-04,40,0,6
"693","Carbó",2020-10-11,41,0,6
"694","Carbó",2020-10-18,42,0,6
"695","Carbó",2020-10-25,43,0,6
"696","Carbó",2020-11-01,44,0,6
"697","Carbó",2020-11-08,45,0,6
"698","Carbó",2020-11-15,46,0,6
"699","Carbó",2020-11-22,47,0,6
"700","Carbó",2020-11-29,48,0,6
"701","Carbó",2020-12-06,49,0,6
"702","Carbó",2020-12-13,50,0,6
"703","Cucurpe",2020-03-22,12,0,0
"704","Cucurpe",2020-03-29,13,0,0
"705","Cucurpe",2020-04-05,14,0,0
"706","Cucurpe",2020-04-12,15,0,0
"707","Cucurpe",2020-04-19,16,0,0
"708","Cucurpe",2020-04-26,17,0,0
"709","Cucurpe",2020-05-03,18,0,0
"710","Cucurpe",2020-05-10,19,0,0
"711","Cucurpe",2020-05-17,20,0,0
"712","Cucurpe",2020-05-24,21,0,0
"713","Cucurpe",2020-05-31,22,0,0
"714","Cucurpe",2020-06-07,23,0,0
"715","Cucurpe",2020-06-14,24,1,1
"716","Cucurpe",2020-06-21,25,0,1
"717","Cucurpe",2020-06-28,26,0,1
"718","Cucurpe",2020-07-05,27,0,1
"719","Cucurpe",2020-07-12,28,1,2
"720","Cucurpe",2020-07-19,29,0,2
"721","Cucurpe",2020-07-26,30,0,2
"722","Cucurpe",2020-08-02,31,0,2
"723","Cucurpe",2020-08-09,32,0,2
"724","Cucurpe",2020-08-16,33,0,2
"725","Cucurpe",2020-08-23,34,0,2
"726","Cucurpe",2020-08-30,35,0,2
"727","Cucurpe",2020-09-06,36,0,2
"728","Cucurpe",2020-09-13,37,0,2
"729","Cucurpe",2020-09-20,38,1,3
"730","Cucurpe",2020-09-27,39,0,3
"731","Cucurpe",2020-10-04,40,0,3
"732","Cucurpe",2020-10-11,41,0,3
"733","Cucurpe",2020-10-18,42,0,3
"734","Cucurpe",2020-10-25,43,0,3
"735","Cucurpe",2020-11-01,44,0,3
"736","Cucurpe",2020-11-08,45,5,8
"737","Cucurpe",2020-11-15,46,0,8
"738","Cucurpe",2020-11-22,47,0,8
"739","Cucurpe",2020-11-29,48,0,8
"740","Cucurpe",2020-12-06,49,0,8
"741","Cucurpe",2020-12-13,50,0,8
"742","Cumpas",2020-03-22,12,0,0
"743","Cumpas",2020-03-29,13,0,0
"744","Cumpas",2020-04-05,14,0,0
"745","Cumpas",2020-04-12,15,0,0
"746","Cumpas",2020-04-19,16,0,0
"747","Cumpas",2020-04-26,17,0,0
"748","Cumpas",2020-05-03,18,0,0
"749","Cumpas",2020-05-10,19,1,1
"750","Cumpas",2020-05-17,20,0,1
"751","Cumpas",2020-05-24,21,0,1
"752","Cumpas",2020-05-31,22,0,1
"753","Cumpas",2020-06-07,23,0,1
"754","Cumpas",2020-06-14,24,2,3
"755","Cumpas",2020-06-21,25,2,5
"756","Cumpas",2020-06-28,26,1,6
"757","Cumpas",2020-07-05,27,1,7
"758","Cumpas",2020-07-12,28,0,7
"759","Cumpas",2020-07-19,29,1,8
"760","Cumpas",2020-07-26,30,1,9
"761","Cumpas",2020-08-02,31,2,11
"762","Cumpas",2020-08-09,32,2,13
"763","Cumpas",2020-08-16,33,2,15
"764","Cumpas",2020-08-23,34,0,15
"765","Cumpas",2020-08-30,35,0,15
"766","Cumpas",2020-09-06,36,1,16
"767","Cumpas",2020-09-13,37,0,16
"768","Cumpas",2020-09-20,38,1,17
"769","Cumpas",2020-09-27,39,0,17
"770","Cumpas",2020-10-04,40,0,17
"771","Cumpas",2020-10-11,41,0,17
"772","Cumpas",2020-10-18,42,1,18
"773","Cumpas",2020-10-25,43,4,22
"774","Cumpas",2020-11-01,44,3,25
"775","Cumpas",2020-11-08,45,2,27
"776","Cumpas",2020-11-15,46,7,34
"777","Cumpas",2020-11-22,47,5,39
"778","Cumpas",2020-11-29,48,9,48
"779","Cumpas",2020-12-06,49,2,50
"780","Cumpas",2020-12-13,50,1,51
"781","Divisaderos",2020-03-22,12,0,0
"782","Divisaderos",2020-03-29,13,0,0
"783","Divisaderos",2020-04-05,14,0,0
"784","Divisaderos",2020-04-12,15,0,0
"785","Divisaderos",2020-04-19,16,0,0
"786","Divisaderos",2020-04-26,17,0,0
"787","Divisaderos",2020-05-03,18,0,0
"788","Divisaderos",2020-05-10,19,0,0
"789","Divisaderos",2020-05-17,20,0,0
"790","Divisaderos",2020-05-24,21,0,0
"791","Divisaderos",2020-05-31,22,0,0
"792","Divisaderos",2020-06-07,23,0,0
"793","Divisaderos",2020-06-14,24,0,0
"794","Divisaderos",2020-06-21,25,0,0
"795","Divisaderos",2020-06-28,26,2,2
"796","Divisaderos",2020-07-05,27,0,2
"797","Divisaderos",2020-07-12,28,0,2
"798","Divisaderos",2020-07-19,29,1,3
"799","Divisaderos",2020-07-26,30,1,4
"800","Divisaderos",2020-08-02,31,0,4
"801","Divisaderos",2020-08-09,32,0,4
"802","Divisaderos",2020-08-16,33,0,4
"803","Divisaderos",2020-08-23,34,1,5
"804","Divisaderos",2020-08-30,35,0,5
"805","Divisaderos",2020-09-06,36,0,5
"806","Divisaderos",2020-09-13,37,0,5
"807","Divisaderos",2020-09-20,38,0,5
"808","Divisaderos",2020-09-27,39,0,5
"809","Divisaderos",2020-10-04,40,0,5
"810","Divisaderos",2020-10-11,41,0,5
"811","Divisaderos",2020-10-18,42,0,5
"812","Divisaderos",2020-10-25,43,0,5
"813","Divisaderos",2020-11-01,44,0,5
"814","Divisaderos",2020-11-08,45,0,5
"815","Divisaderos",2020-11-15,46,0,5
"816","Divisaderos",2020-11-22,47,0,5
"817","Divisaderos",2020-11-29,48,0,5
"818","Divisaderos",2020-12-06,49,0,5
"819","Divisaderos",2020-12-13,50,0,5
"820","Empalme",2020-03-22,12,0,0
"821","Empalme",2020-03-29,13,0,0
"822","Empalme",2020-04-05,14,0,0
"823","Empalme",2020-04-12,15,0,0
"824","Empalme",2020-04-19,16,0,0
"825","Empalme",2020-04-26,17,0,0
"826","Empalme",2020-05-03,18,0,0
"827","Empalme",2020-05-10,19,0,0
"828","Empalme",2020-05-17,20,0,0
"829","Empalme",2020-05-24,21,1,1
"830","Empalme",2020-05-31,22,0,1
"831","Empalme",2020-06-07,23,2,3
"832","Empalme",2020-06-14,24,7,10
"833","Empalme",2020-06-21,25,19,29
"834","Empalme",2020-06-28,26,14,43
"835","Empalme",2020-07-05,27,24,67
"836","Empalme",2020-07-12,28,19,86
"837","Empalme",2020-07-19,29,21,107
"838","Empalme",2020-07-26,30,43,150
"839","Empalme",2020-08-02,31,38,188
"840","Empalme",2020-08-09,32,96,284
"841","Empalme",2020-08-16,33,46,330
"842","Empalme",2020-08-23,34,71,401
"843","Empalme",2020-08-30,35,61,462
"844","Empalme",2020-09-06,36,32,494
"845","Empalme",2020-09-13,37,47,541
"846","Empalme",2020-09-20,38,13,554
"847","Empalme",2020-09-27,39,10,564
"848","Empalme",2020-10-04,40,13,577
"849","Empalme",2020-10-11,41,4,581
"850","Empalme",2020-10-18,42,3,584
"851","Empalme",2020-10-25,43,7,591
"852","Empalme",2020-11-01,44,15,606
"853","Empalme",2020-11-08,45,4,610
"854","Empalme",2020-11-15,46,14,624
"855","Empalme",2020-11-22,47,5,629
"856","Empalme",2020-11-29,48,9,638
"857","Empalme",2020-12-06,49,23,661
"858","Empalme",2020-12-13,50,15,676
"859","Etchojoa",2020-03-22,12,0,0
"860","Etchojoa",2020-03-29,13,0,0
"861","Etchojoa",2020-04-05,14,0,0
"862","Etchojoa",2020-04-12,15,0,0
"863","Etchojoa",2020-04-19,16,1,1
"864","Etchojoa",2020-04-26,17,1,2
"865","Etchojoa",2020-05-03,18,2,4
"866","Etchojoa",2020-05-10,19,2,6
"867","Etchojoa",2020-05-17,20,1,7
"868","Etchojoa",2020-05-24,21,3,10
"869","Etchojoa",2020-05-31,22,1,11
"870","Etchojoa",2020-06-07,23,6,17
"871","Etchojoa",2020-06-14,24,5,22
"872","Etchojoa",2020-06-21,25,14,36
"873","Etchojoa",2020-06-28,26,11,47
"874","Etchojoa",2020-07-05,27,11,58
"875","Etchojoa",2020-07-12,28,5,63
"876","Etchojoa",2020-07-19,29,29,92
"877","Etchojoa",2020-07-26,30,8,100
"878","Etchojoa",2020-08-02,31,25,125
"879","Etchojoa",2020-08-09,32,36,161
"880","Etchojoa",2020-08-16,33,39,200
"881","Etchojoa",2020-08-23,34,21,221
"882","Etchojoa",2020-08-30,35,17,238
"883","Etchojoa",2020-09-06,36,21,259
"884","Etchojoa",2020-09-13,37,33,292
"885","Etchojoa",2020-09-20,38,29,321
"886","Etchojoa",2020-09-27,39,39,360
"887","Etchojoa",2020-10-04,40,34,394
"888","Etchojoa",2020-10-11,41,51,445
"889","Etchojoa",2020-10-18,42,42,487
"890","Etchojoa",2020-10-25,43,6,493
"891","Etchojoa",2020-11-01,44,4,497
"892","Etchojoa",2020-11-08,45,2,499
"893","Etchojoa",2020-11-15,46,6,505
"894","Etchojoa",2020-11-22,47,4,509
"895","Etchojoa",2020-11-29,48,3,512
"896","Etchojoa",2020-12-06,49,10,522
"897","Etchojoa",2020-12-13,50,3,525
"898","Fronteras",2020-03-22,12,0,0
"899","Fronteras",2020-03-29,13,0,0
"900","Fronteras",2020-04-05,14,0,0
"901","Fronteras",2020-04-12,15,0,0
"902","Fronteras",2020-04-19,16,0,0
"903","Fronteras",2020-04-26,17,0,0
"904","Fronteras",2020-05-03,18,0,0
"905","Fronteras",2020-05-10,19,0,0
"906","Fronteras",2020-05-17,20,0,0
"907","Fronteras",2020-05-24,21,0,0
"908","Fronteras",2020-05-31,22,0,0
"909","Fronteras",2020-06-07,23,0,0
"910","Fronteras",2020-06-14,24,2,2
"911","Fronteras",2020-06-21,25,4,6
"912","Fronteras",2020-06-28,26,3,9
"913","Fronteras",2020-07-05,27,2,11
"914","Fronteras",2020-07-12,28,0,11
"915","Fronteras",2020-07-19,29,0,11
"916","Fronteras",2020-07-26,30,0,11
"917","Fronteras",2020-08-02,31,1,12
"918","Fronteras",2020-08-09,32,0,12
"919","Fronteras",2020-08-16,33,0,12
"920","Fronteras",2020-08-23,34,0,12
"921","Fronteras",2020-08-30,35,0,12
"922","Fronteras",2020-09-06,36,0,12
"923","Fronteras",2020-09-13,37,0,12
"924","Fronteras",2020-09-20,38,1,13
"925","Fronteras",2020-09-27,39,1,14
"926","Fronteras",2020-10-04,40,0,14
"927","Fronteras",2020-10-11,41,2,16
"928","Fronteras",2020-10-18,42,3,19
"929","Fronteras",2020-10-25,43,3,22
"930","Fronteras",2020-11-01,44,1,23
"931","Fronteras",2020-11-08,45,3,26
"932","Fronteras",2020-11-15,46,4,30
"933","Fronteras",2020-11-22,47,0,30
"934","Fronteras",2020-11-29,48,4,35
"935","Fronteras",2020-12-06,49,2,36
"936","Fronteras",2020-12-13,50,1,37
"937","General Plutarco Elías Calles",2020-03-22,12,0,0
"938","General Plutarco Elías Calles",2020-03-29,13,0,0
"939","General Plutarco Elías Calles",2020-04-05,14,0,0
"940","General Plutarco Elías Calles",2020-04-12,15,0,0
"941","General Plutarco Elías Calles",2020-04-19,16,0,0
"942","General Plutarco Elías Calles",2020-04-26,17,1,1
"943","General Plutarco Elías Calles",2020-05-03,18,0,1
"944","General Plutarco Elías Calles",2020-05-10,19,0,1
"945","General Plutarco Elías Calles",2020-05-17,20,3,4
"946","General Plutarco Elías Calles",2020-05-24,21,3,7
"947","General Plutarco Elías Calles",2020-05-31,22,4,11
"948","General Plutarco Elías Calles",2020-06-07,23,7,18
"949","General Plutarco Elías Calles",2020-06-14,24,9,27
"950","General Plutarco Elías Calles",2020-06-21,25,7,34
"951","General Plutarco Elías Calles",2020-06-28,26,3,37
"952","General Plutarco Elías Calles",2020-07-05,27,10,47
"953","General Plutarco Elías Calles",2020-07-12,28,9,56
"954","General Plutarco Elías Calles",2020-07-19,29,6,62
"955","General Plutarco Elías Calles",2020-07-26,30,4,66
"956","General Plutarco Elías Calles",2020-08-02,31,2,68
"957","General Plutarco Elías Calles",2020-08-09,32,8,76
"958","General Plutarco Elías Calles",2020-08-16,33,5,81
"959","General Plutarco Elías Calles",2020-08-23,34,0,81
"960","General Plutarco Elías Calles",2020-08-30,35,2,83
"961","General Plutarco Elías Calles",2020-09-06,36,9,92
"962","General Plutarco Elías Calles",2020-09-13,37,9,101
"963","General Plutarco Elías Calles",2020-09-20,38,0,101
"964","General Plutarco Elías Calles",2020-09-27,39,3,104
"965","General Plutarco Elías Calles",2020-10-04,40,2,106
"966","General Plutarco Elías Calles",2020-10-11,41,0,106
"967","General Plutarco Elías Calles",2020-10-18,42,0,106
"968","General Plutarco Elías Calles",2020-10-25,43,1,107
"969","General Plutarco Elías Calles",2020-11-01,44,4,111
"970","General Plutarco Elías Calles",2020-11-08,45,0,111
"971","General Plutarco Elías Calles",2020-11-15,46,0,111
"972","General Plutarco Elías Calles",2020-11-22,47,3,114
"973","General Plutarco Elías Calles",2020-11-29,48,2,116
"974","General Plutarco Elías Calles",2020-12-06,49,9,125
"975","General Plutarco Elías Calles",2020-12-13,50,11,136
"976","Granados",2020-03-22,12,0,0
"977","Granados",2020-03-29,13,0,0
"978","Granados",2020-04-05,14,0,0
"979","Granados",2020-04-12,15,0,0
"980","Granados",2020-04-19,16,0,0
"981","Granados",2020-04-26,17,0,0
"982","Granados",2020-05-03,18,0,0
"983","Granados",2020-05-10,19,0,0
"984","Granados",2020-05-17,20,0,0
"985","Granados",2020-05-24,21,0,0
"986","Granados",2020-05-31,22,0,0
"987","Granados",2020-06-07,23,0,0
"988","Granados",2020-06-14,24,0,0
"989","Granados",2020-06-21,25,1,1
"990","Granados",2020-06-28,26,1,2
"991","Granados",2020-07-05,27,2,4
"992","Granados",2020-07-12,28,0,4
"993","Granados",2020-07-19,29,0,4
"994","Granados",2020-07-26,30,0,4
"995","Granados",2020-08-02,31,0,4
"996","Granados",2020-08-09,32,0,4
"997","Granados",2020-08-16,33,0,4
"998","Granados",2020-08-23,34,0,4
"999","Granados",2020-08-30,35,0,4
"1000","Granados",2020-09-06,36,0,4
"1001","Granados",2020-09-13,37,1,5
"1002","Granados",2020-09-20,38,0,5
"1003","Granados",2020-09-27,39,0,5
"1004","Granados",2020-10-04,40,0,5
"1005","Granados",2020-10-11,41,1,6
"1006","Granados",2020-10-18,42,0,6
"1007","Granados",2020-10-25,43,0,6
"1008","Granados",2020-11-01,44,0,6
"1009","Granados",2020-11-08,45,1,7
"1010","Granados",2020-11-15,46,0,7
"1011","Granados",2020-11-22,47,0,7
"1012","Granados",2020-11-29,48,1,8
"1013","Granados",2020-12-06,49,2,10
"1014","Granados",2020-12-13,50,0,10
"1015","Guaymas",2020-03-22,12,1,1
"1016","Guaymas",2020-03-29,13,1,2
"1017","Guaymas",2020-04-05,14,0,2
"1018","Guaymas",2020-04-12,15,0,2
"1019","Guaymas",2020-04-19,16,0,2
"1020","Guaymas",2020-04-26,17,5,7
"1021","Guaymas",2020-05-03,18,4,11
"1022","Guaymas",2020-05-10,19,5,16
"1023","Guaymas",2020-05-17,20,12,28
"1024","Guaymas",2020-05-24,21,19,47
"1025","Guaymas",2020-05-31,22,16,63
"1026","Guaymas",2020-06-07,23,22,85
"1027","Guaymas",2020-06-14,24,45,130
"1028","Guaymas",2020-06-21,25,80,210
"1029","Guaymas",2020-06-28,26,123,333
"1030","Guaymas",2020-07-05,27,98,431
"1031","Guaymas",2020-07-12,28,83,514
"1032","Guaymas",2020-07-19,29,101,615
"1033","Guaymas",2020-07-26,30,70,685
"1034","Guaymas",2020-08-02,31,65,750
"1035","Guaymas",2020-08-09,32,171,921
"1036","Guaymas",2020-08-16,33,213,1134
"1037","Guaymas",2020-08-23,34,107,1241
"1038","Guaymas",2020-08-30,35,64,1305
"1039","Guaymas",2020-09-06,36,91,1396
"1040","Guaymas",2020-09-13,37,153,1549
"1041","Guaymas",2020-09-20,38,97,1646
"1042","Guaymas",2020-09-27,39,56,1702
"1043","Guaymas",2020-10-04,40,23,1725
"1044","Guaymas",2020-10-11,41,16,1741
"1045","Guaymas",2020-10-18,42,18,1759
"1046","Guaymas",2020-10-25,43,19,1778
"1047","Guaymas",2020-11-01,44,16,1794
"1048","Guaymas",2020-11-08,45,24,1818
"1049","Guaymas",2020-11-15,46,108,1926
"1050","Guaymas",2020-11-22,47,34,1960
"1051","Guaymas",2020-11-29,48,43,2003
"1052","Guaymas",2020-12-06,49,48,2051
"1053","Guaymas",2020-12-13,50,39,2090
"1054","Hermosillo",2020-03-22,12,2,2
"1055","Hermosillo",2020-03-29,13,6,8
"1056","Hermosillo",2020-04-05,14,6,14
"1057","Hermosillo",2020-04-12,15,8,22
"1058","Hermosillo",2020-04-19,16,5,27
"1059","Hermosillo",2020-04-26,17,17,44
"1060","Hermosillo",2020-05-03,18,41,85
"1061","Hermosillo",2020-05-10,19,87,172
"1062","Hermosillo",2020-05-17,20,143,315
"1063","Hermosillo",2020-05-24,21,195,510
"1064","Hermosillo",2020-05-31,22,267,777
"1065","Hermosillo",2020-06-07,23,384,1161
"1066","Hermosillo",2020-06-14,24,496,1657
"1067","Hermosillo",2020-06-21,25,535,2192
"1068","Hermosillo",2020-06-28,26,504,2696
"1069","Hermosillo",2020-07-05,27,702,3398
"1070","Hermosillo",2020-07-12,28,1232,4630
"1071","Hermosillo",2020-07-19,29,1407,6037
"1072","Hermosillo",2020-07-26,30,1309,7346
"1073","Hermosillo",2020-08-02,31,1989,9335
"1074","Hermosillo",2020-08-09,32,1399,10734
"1075","Hermosillo",2020-08-16,33,851,11585
"1076","Hermosillo",2020-08-23,34,659,12244
"1077","Hermosillo",2020-08-30,35,552,12796
"1078","Hermosillo",2020-09-06,36,545,13341
"1079","Hermosillo",2020-09-13,37,534,13875
"1080","Hermosillo",2020-09-20,38,514,14389
"1081","Hermosillo",2020-09-27,39,657,15046
"1082","Hermosillo",2020-10-04,40,423,15469
"1083","Hermosillo",2020-10-11,41,458,15927
"1084","Hermosillo",2020-10-18,42,463,16390
"1085","Hermosillo",2020-10-25,43,618,17008
"1086","Hermosillo",2020-11-01,44,500,17508
"1087","Hermosillo",2020-11-08,45,416,17924
"1088","Hermosillo",2020-11-15,46,380,18304
"1089","Hermosillo",2020-11-22,47,404,18708
"1090","Hermosillo",2020-11-29,48,481,19189
"1091","Hermosillo",2020-12-06,49,1256,20445
"1092","Hermosillo",2020-12-13,50,948,21393
"1093","Huachinera",2020-03-22,12,0,0
"1094","Huachinera",2020-03-29,13,0,0
"1095","Huachinera",2020-04-05,14,0,0
"1096","Huachinera",2020-04-12,15,0,0
"1097","Huachinera",2020-04-19,16,0,0
"1098","Huachinera",2020-04-26,17,0,0
"1099","Huachinera",2020-05-03,18,0,0
"1100","Huachinera",2020-05-10,19,0,0
"1101","Huachinera",2020-05-17,20,0,0
"1102","Huachinera",2020-05-24,21,0,0
"1103","Huachinera",2020-05-31,22,0,0
"1104","Huachinera",2020-06-07,23,0,0
"1105","Huachinera",2020-06-14,24,0,0
"1106","Huachinera",2020-06-21,25,1,1
"1107","Huachinera",2020-06-28,26,0,1
"1108","Huachinera",2020-07-05,27,0,1
"1109","Huachinera",2020-07-12,28,0,1
"1110","Huachinera",2020-07-19,29,0,1
"1111","Huachinera",2020-07-26,30,0,1
"1112","Huachinera",2020-08-02,31,0,1
"1113","Huachinera",2020-08-09,32,0,1
"1114","Huachinera",2020-08-16,33,0,1
"1115","Huachinera",2020-08-23,34,0,1
"1116","Huachinera",2020-08-30,35,0,1
"1117","Huachinera",2020-09-06,36,0,1
"1118","Huachinera",2020-09-13,37,0,1
"1119","Huachinera",2020-09-20,38,0,1
"1120","Huachinera",2020-09-27,39,0,1
"1121","Huachinera",2020-10-04,40,0,1
"1122","Huachinera",2020-10-11,41,0,1
"1123","Huachinera",2020-10-18,42,0,1
"1124","Huachinera",2020-10-25,43,0,1
"1125","Huachinera",2020-11-01,44,0,1
"1126","Huachinera",2020-11-08,45,0,1
"1127","Huachinera",2020-11-15,46,0,1
"1128","Huachinera",2020-11-22,47,0,1
"1129","Huachinera",2020-11-29,48,0,1
"1130","Huachinera",2020-12-06,49,0,1
"1131","Huachinera",2020-12-13,50,0,1
"1132","Huásabas",2020-03-22,12,0,0
"1133","Huásabas",2020-03-29,13,0,0
"1134","Huásabas",2020-04-05,14,0,0
"1135","Huásabas",2020-04-12,15,0,0
"1136","Huásabas",2020-04-19,16,0,0
"1137","Huásabas",2020-04-26,17,0,0
"1138","Huásabas",2020-05-03,18,0,0
"1139","Huásabas",2020-05-10,19,0,0
"1140","Huásabas",2020-05-17,20,0,0
"1141","Huásabas",2020-05-24,21,0,0
"1142","Huásabas",2020-05-31,22,0,0
"1143","Huásabas",2020-06-07,23,0,0
"1144","Huásabas",2020-06-14,24,0,0
"1145","Huásabas",2020-06-21,25,0,0
"1146","Huásabas",2020-06-28,26,0,0
"1147","Huásabas",2020-07-05,27,1,1
"1148","Huásabas",2020-07-12,28,0,1
"1149","Huásabas",2020-07-19,29,0,1
"1150","Huásabas",2020-07-26,30,0,1
"1151","Huásabas",2020-08-02,31,0,1
"1152","Huásabas",2020-08-09,32,0,1
"1153","Huásabas",2020-08-16,33,1,2
"1154","Huásabas",2020-08-23,34,0,2
"1155","Huásabas",2020-08-30,35,0,2
"1156","Huásabas",2020-09-06,36,0,2
"1157","Huásabas",2020-09-13,37,0,2
"1158","Huásabas",2020-09-20,38,0,2
"1159","Huásabas",2020-09-27,39,0,2
"1160","Huásabas",2020-10-04,40,0,2
"1161","Huásabas",2020-10-11,41,0,2
"1162","Huásabas",2020-10-18,42,0,2
"1163","Huásabas",2020-10-25,43,0,2
"1164","Huásabas",2020-11-01,44,0,2
"1165","Huásabas",2020-11-08,45,0,2
"1166","Huásabas",2020-11-15,46,0,2
"1167","Huásabas",2020-11-22,47,0,2
"1168","Huásabas",2020-11-29,48,1,3
"1169","Huásabas",2020-12-06,49,2,5
"1170","Huásabas",2020-12-13,50,0,5
"1171","Huatabampo",2020-03-22,12,0,0
"1172","Huatabampo",2020-03-29,13,0,0
"1173","Huatabampo",2020-04-05,14,1,1
"1174","Huatabampo",2020-04-12,15,7,8
"1175","Huatabampo",2020-04-19,16,7,15
"1176","Huatabampo",2020-04-26,17,1,16
"1177","Huatabampo",2020-05-03,18,2,18
"1178","Huatabampo",2020-05-10,19,0,18
"1179","Huatabampo",2020-05-17,20,0,18
"1180","Huatabampo",2020-05-24,21,4,22
"1181","Huatabampo",2020-05-31,22,3,25
"1182","Huatabampo",2020-06-07,23,8,33
"1183","Huatabampo",2020-06-14,24,13,46
"1184","Huatabampo",2020-06-21,25,17,63
"1185","Huatabampo",2020-06-28,26,26,89
"1186","Huatabampo",2020-07-05,27,25,114
"1187","Huatabampo",2020-07-12,28,24,138
"1188","Huatabampo",2020-07-19,29,28,166
"1189","Huatabampo",2020-07-26,30,39,205
"1190","Huatabampo",2020-08-02,31,46,251
"1191","Huatabampo",2020-08-09,32,81,332
"1192","Huatabampo",2020-08-16,33,57,389
"1193","Huatabampo",2020-08-23,34,13,402
"1194","Huatabampo",2020-08-30,35,29,431
"1195","Huatabampo",2020-09-06,36,32,463
"1196","Huatabampo",2020-09-13,37,41,504
"1197","Huatabampo",2020-09-20,38,27,531
"1198","Huatabampo",2020-09-27,39,33,564
"1199","Huatabampo",2020-10-04,40,55,619
"1200","Huatabampo",2020-10-11,41,45,664
"1201","Huatabampo",2020-10-18,42,22,686
"1202","Huatabampo",2020-10-25,43,26,712
"1203","Huatabampo",2020-11-01,44,14,726
"1204","Huatabampo",2020-11-08,45,11,737
"1205","Huatabampo",2020-11-15,46,44,781
"1206","Huatabampo",2020-11-22,47,7,788
"1207","Huatabampo",2020-11-29,48,13,801
"1208","Huatabampo",2020-12-06,49,15,816
"1209","Huatabampo",2020-12-13,50,2,818
"1210","Huépac",2020-03-22,12,0,0
"1211","Huépac",2020-03-29,13,0,0
"1212","Huépac",2020-04-05,14,0,0
"1213","Huépac",2020-04-12,15,0,0
"1214","Huépac",2020-04-19,16,0,0
"1215","Huépac",2020-04-26,17,0,0
"1216","Huépac",2020-05-03,18,0,0
"1217","Huépac",2020-05-10,19,0,0
"1218","Huépac",2020-05-17,20,0,0
"1219","Huépac",2020-05-24,21,0,0
"1220","Huépac",2020-05-31,22,0,0
"1221","Huépac",2020-06-07,23,0,0
"1222","Huépac",2020-06-14,24,0,0
"1223","Huépac",2020-06-21,25,0,0
"1224","Huépac",2020-06-28,26,0,0
"1225","Huépac",2020-07-05,27,0,0
"1226","Huépac",2020-07-12,28,1,1
"1227","Huépac",2020-07-19,29,0,1
"1228","Huépac",2020-07-26,30,0,1
"1229","Huépac",2020-08-02,31,0,1
"1230","Huépac",2020-08-09,32,0,1
"1231","Huépac",2020-08-16,33,0,1
"1232","Huépac",2020-08-23,34,0,1
"1233","Huépac",2020-08-30,35,0,1
"1234","Huépac",2020-09-06,36,0,1
"1235","Huépac",2020-09-13,37,0,1
"1236","Huépac",2020-09-20,38,0,1
"1237","Huépac",2020-09-27,39,0,1
"1238","Huépac",2020-10-04,40,0,1
"1239","Huépac",2020-10-11,41,0,1
"1240","Huépac",2020-10-18,42,0,1
"1241","Huépac",2020-10-25,43,0,1
"1242","Huépac",2020-11-01,44,0,1
"1243","Huépac",2020-11-08,45,0,1
"1244","Huépac",2020-11-15,46,0,1
"1245","Huépac",2020-11-22,47,0,1
"1246","Huépac",2020-11-29,48,1,2
"1247","Huépac",2020-12-06,49,1,3
"1248","Huépac",2020-12-13,50,0,3
"1249","Imuris",2020-03-22,12,0,0
"1250","Imuris",2020-03-29,13,0,0
"1251","Imuris",2020-04-05,14,0,0
"1252","Imuris",2020-04-12,15,0,0
"1253","Imuris",2020-04-19,16,0,0
"1254","Imuris",2020-04-26,17,0,0
"1255","Imuris",2020-05-03,18,1,1
"1256","Imuris",2020-05-10,19,0,1
"1257","Imuris",2020-05-17,20,0,1
"1258","Imuris",2020-05-24,21,0,1
"1259","Imuris",2020-05-31,22,0,1
"1260","Imuris",2020-06-07,23,0,1
"1261","Imuris",2020-06-14,24,0,1
"1262","Imuris",2020-06-21,25,4,5
"1263","Imuris",2020-06-28,26,3,8
"1264","Imuris",2020-07-05,27,3,11
"1265","Imuris",2020-07-12,28,3,14
"1266","Imuris",2020-07-19,29,4,18
"1267","Imuris",2020-07-26,30,4,22
"1268","Imuris",2020-08-02,31,5,27
"1269","Imuris",2020-08-09,32,6,33
"1270","Imuris",2020-08-16,33,4,37
"1271","Imuris",2020-08-23,34,5,42
"1272","Imuris",2020-08-30,35,3,45
"1273","Imuris",2020-09-06,36,8,53
"1274","Imuris",2020-09-13,37,3,56
"1275","Imuris",2020-09-20,38,1,57
"1276","Imuris",2020-09-27,39,2,59
"1277","Imuris",2020-10-04,40,0,59
"1278","Imuris",2020-10-11,41,0,59
"1279","Imuris",2020-10-18,42,0,59
"1280","Imuris",2020-10-25,43,1,60
"1281","Imuris",2020-11-01,44,1,61
"1282","Imuris",2020-11-08,45,3,64
"1283","Imuris",2020-11-15,46,1,65
"1284","Imuris",2020-11-22,47,6,71
"1285","Imuris",2020-11-29,48,0,71
"1286","Imuris",2020-12-06,49,0,71
"1287","Imuris",2020-12-13,50,5,76
"1288","La Colorada",2020-03-22,12,0,0
"1289","La Colorada",2020-03-29,13,0,0
"1290","La Colorada",2020-04-05,14,0,0
"1291","La Colorada",2020-04-12,15,0,0
"1292","La Colorada",2020-04-19,16,0,0
"1293","La Colorada",2020-04-26,17,0,0
"1294","La Colorada",2020-05-03,18,0,0
"1295","La Colorada",2020-05-10,19,0,0
"1296","La Colorada",2020-05-17,20,0,0
"1297","La Colorada",2020-05-24,21,0,0
"1298","La Colorada",2020-05-31,22,0,0
"1299","La Colorada",2020-06-07,23,0,0
"1300","La Colorada",2020-06-14,24,0,0
"1301","La Colorada",2020-06-21,25,0,0
"1302","La Colorada",2020-06-28,26,0,0
"1303","La Colorada",2020-07-05,27,0,0
"1304","La Colorada",2020-07-12,28,0,0
"1305","La Colorada",2020-07-19,29,1,1
"1306","La Colorada",2020-07-26,30,0,1
"1307","La Colorada",2020-08-02,31,0,1
"1308","La Colorada",2020-08-09,32,0,1
"1309","La Colorada",2020-08-16,33,0,1
"1310","La Colorada",2020-08-23,34,0,1
"1311","La Colorada",2020-08-30,35,0,1
"1312","La Colorada",2020-09-06,36,0,1
"1313","La Colorada",2020-09-13,37,0,1
"1314","La Colorada",2020-09-20,38,0,1
"1315","La Colorada",2020-09-27,39,0,1
"1316","La Colorada",2020-10-04,40,0,1
"1317","La Colorada",2020-10-11,41,0,1
"1318","La Colorada",2020-10-18,42,0,1
"1319","La Colorada",2020-10-25,43,0,1
"1320","La Colorada",2020-11-01,44,0,1
"1321","La Colorada",2020-11-08,45,0,1
"1322","La Colorada",2020-11-15,46,0,1
"1323","La Colorada",2020-11-22,47,0,1
"1324","La Colorada",2020-11-29,48,0,1
"1325","La Colorada",2020-12-06,49,0,1
"1326","La Colorada",2020-12-13,50,0,1
"1327","Magdalena",2020-03-22,12,0,0
"1328","Magdalena",2020-03-29,13,0,0
"1329","Magdalena",2020-04-05,14,4,4
"1330","Magdalena",2020-04-12,15,0,4
"1331","Magdalena",2020-04-19,16,0,4
"1332","Magdalena",2020-04-26,17,0,4
"1333","Magdalena",2020-05-03,18,0,4
"1334","Magdalena",2020-05-10,19,0,4
"1335","Magdalena",2020-05-17,20,1,5
"1336","Magdalena",2020-05-24,21,9,14
"1337","Magdalena",2020-05-31,22,11,25
"1338","Magdalena",2020-06-07,23,11,36
"1339","Magdalena",2020-06-14,24,13,49
"1340","Magdalena",2020-06-21,25,25,74
"1341","Magdalena",2020-06-28,26,19,93
"1342","Magdalena",2020-07-05,27,23,116
"1343","Magdalena",2020-07-12,28,23,139
"1344","Magdalena",2020-07-19,29,12,151
"1345","Magdalena",2020-07-26,30,52,203
"1346","Magdalena",2020-08-02,31,12,215
"1347","Magdalena",2020-08-09,32,16,231
"1348","Magdalena",2020-08-16,33,13,244
"1349","Magdalena",2020-08-23,34,8,252
"1350","Magdalena",2020-08-30,35,4,256
"1351","Magdalena",2020-09-06,36,7,263
"1352","Magdalena",2020-09-13,37,5,268
"1353","Magdalena",2020-09-20,38,7,275
"1354","Magdalena",2020-09-27,39,7,282
"1355","Magdalena",2020-10-04,40,3,285
"1356","Magdalena",2020-10-11,41,6,291
"1357","Magdalena",2020-10-18,42,9,300
"1358","Magdalena",2020-10-25,43,14,314
"1359","Magdalena",2020-11-01,44,8,322
"1360","Magdalena",2020-11-08,45,13,335
"1361","Magdalena",2020-11-15,46,6,341
"1362","Magdalena",2020-11-22,47,18,359
"1363","Magdalena",2020-11-29,48,26,385
"1364","Magdalena",2020-12-06,49,21,406
"1365","Magdalena",2020-12-13,50,24,430
"1366","Moctezuma",2020-03-22,12,0,0
"1367","Moctezuma",2020-03-29,13,0,0
"1368","Moctezuma",2020-04-05,14,0,0
"1369","Moctezuma",2020-04-12,15,0,0
"1370","Moctezuma",2020-04-19,16,0,0
"1371","Moctezuma",2020-04-26,17,0,0
"1372","Moctezuma",2020-05-03,18,0,0
"1373","Moctezuma",2020-05-10,19,0,0
"1374","Moctezuma",2020-05-17,20,0,0
"1375","Moctezuma",2020-05-24,21,0,0
"1376","Moctezuma",2020-05-31,22,0,0
"1377","Moctezuma",2020-06-07,23,0,0
"1378","Moctezuma",2020-06-14,24,0,0
"1379","Moctezuma",2020-06-21,25,2,2
"1380","Moctezuma",2020-06-28,26,3,5
"1381","Moctezuma",2020-07-05,27,4,9
"1382","Moctezuma",2020-07-12,28,1,10
"1383","Moctezuma",2020-07-19,29,1,11
"1384","Moctezuma",2020-07-26,30,3,14
"1385","Moctezuma",2020-08-02,31,3,17
"1386","Moctezuma",2020-08-09,32,1,18
"1387","Moctezuma",2020-08-16,33,2,20
"1388","Moctezuma",2020-08-23,34,1,21
"1389","Moctezuma",2020-08-30,35,1,22
"1390","Moctezuma",2020-09-06,36,0,22
"1391","Moctezuma",2020-09-13,37,1,23
"1392","Moctezuma",2020-09-20,38,0,23
"1393","Moctezuma",2020-09-27,39,0,23
"1394","Moctezuma",2020-10-04,40,0,23
"1395","Moctezuma",2020-10-11,41,1,24
"1396","Moctezuma",2020-10-18,42,0,24
"1397","Moctezuma",2020-10-25,43,5,29
"1398","Moctezuma",2020-11-01,44,1,30
"1399","Moctezuma",2020-11-08,45,2,32
"1400","Moctezuma",2020-11-15,46,1,33
"1401","Moctezuma",2020-11-22,47,3,36
"1402","Moctezuma",2020-11-29,48,8,44
"1403","Moctezuma",2020-12-06,49,3,47
"1404","Moctezuma",2020-12-13,50,1,48
"1405","Naco",2020-03-22,12,0,0
"1406","Naco",2020-03-29,13,0,0
"1407","Naco",2020-04-05,14,0,0
"1408","Naco",2020-04-12,15,0,0
"1409","Naco",2020-04-19,16,0,0
"1410","Naco",2020-04-26,17,0,0
"1411","Naco",2020-05-03,18,0,0
"1412","Naco",2020-05-10,19,0,0
"1413","Naco",2020-05-17,20,0,0
"1414","Naco",2020-05-24,21,0,0
"1415","Naco",2020-05-31,22,0,0
"1416","Naco",2020-06-07,23,0,0
"1417","Naco",2020-06-14,24,0,0
"1418","Naco",2020-06-21,25,2,2
"1419","Naco",2020-06-28,26,0,2
"1420","Naco",2020-07-05,27,0,2
"1421","Naco",2020-07-12,28,4,6
"1422","Naco",2020-07-19,29,1,7
"1423","Naco",2020-07-26,30,0,7
"1424","Naco",2020-08-02,31,0,7
"1425","Naco",2020-08-09,32,0,7
"1426","Naco",2020-08-16,33,0,7
"1427","Naco",2020-08-23,34,0,7
"1428","Naco",2020-08-30,35,0,7
"1429","Naco",2020-09-06,36,3,10
"1430","Naco",2020-09-13,37,0,10
"1431","Naco",2020-09-20,38,0,10
"1432","Naco",2020-09-27,39,0,10
"1433","Naco",2020-10-04,40,5,15
"1434","Naco",2020-10-11,41,0,15
"1435","Naco",2020-10-18,42,7,22
"1436","Naco",2020-10-25,43,0,22
"1437","Naco",2020-11-01,44,2,24
"1438","Naco",2020-11-08,45,0,24
"1439","Naco",2020-11-15,46,3,27
"1440","Naco",2020-11-22,47,0,27
"1441","Naco",2020-11-29,48,0,27
"1442","Naco",2020-12-06,49,1,28
"1443","Naco",2020-12-13,50,0,28
"1444","Nácori Chico",2020-03-22,12,0,0
"1445","Nácori Chico",2020-03-29,13,0,0
"1446","Nácori Chico",2020-04-05,14,0,0
"1447","Nácori Chico",2020-04-12,15,0,0
"1448","Nácori Chico",2020-04-19,16,0,0
"1449","Nácori Chico",2020-04-26,17,0,0
"1450","Nácori Chico",2020-05-03,18,0,0
"1451","Nácori Chico",2020-05-10,19,0,0
"1452","Nácori Chico",2020-05-17,20,0,0
"1453","Nácori Chico",2020-05-24,21,0,0
"1454","Nácori Chico",2020-05-31,22,0,0
"1455","Nácori Chico",2020-06-07,23,0,0
"1456","Nácori Chico",2020-06-14,24,0,0
"1457","Nácori Chico",2020-06-21,25,2,2
"1458","Nácori Chico",2020-06-28,26,0,2
"1459","Nácori Chico",2020-07-05,27,5,7
"1460","Nácori Chico",2020-07-12,28,0,7
"1461","Nácori Chico",2020-07-19,29,0,7
"1462","Nácori Chico",2020-07-26,30,0,7
"1463","Nácori Chico",2020-08-02,31,0,7
"1464","Nácori Chico",2020-08-09,32,0,7
"1465","Nácori Chico",2020-08-16,33,0,7
"1466","Nácori Chico",2020-08-23,34,0,7
"1467","Nácori Chico",2020-08-30,35,0,7
"1468","Nácori Chico",2020-09-06,36,0,7
"1469","Nácori Chico",2020-09-13,37,0,7
"1470","Nácori Chico",2020-09-20,38,0,7
"1471","Nácori Chico",2020-09-27,39,0,7
"1472","Nácori Chico",2020-10-04,40,0,7
"1473","Nácori Chico",2020-10-11,41,0,7
"1474","Nácori Chico",2020-10-18,42,0,7
"1475","Nácori Chico",2020-10-25,43,0,7
"1476","Nácori Chico",2020-11-01,44,0,7
"1477","Nácori Chico",2020-11-08,45,0,7
"1478","Nácori Chico",2020-11-15,46,0,7
"1479","Nácori Chico",2020-11-22,47,6,13
"1480","Nácori Chico",2020-11-29,48,0,13
"1481","Nácori Chico",2020-12-06,49,1,14
"1482","Nácori Chico",2020-12-13,50,0,14
"1483","Nacozari de García",2020-03-22,12,0,0
"1484","Nacozari de García",2020-03-29,13,0,0
"1485","Nacozari de García",2020-04-05,14,0,0
"1486","Nacozari de García",2020-04-12,15,0,0
"1487","Nacozari de García",2020-04-19,16,0,0
"1488","Nacozari de García",2020-04-26,17,0,0
"1489","Nacozari de García",2020-05-03,18,0,0
"1490","Nacozari de García",2020-05-10,19,0,0
"1491","Nacozari de García",2020-05-17,20,2,2
"1492","Nacozari de García",2020-05-24,21,14,16
"1493","Nacozari de García",2020-05-31,22,7,23
"1494","Nacozari de García",2020-06-07,23,2,25
"1495","Nacozari de García",2020-06-14,24,2,27
"1496","Nacozari de García",2020-06-21,25,7,34
"1497","Nacozari de García",2020-06-28,26,1,35
"1498","Nacozari de García",2020-07-05,27,2,37
"1499","Nacozari de García",2020-07-12,28,3,40
"1500","Nacozari de García",2020-07-19,29,8,48
"1501","Nacozari de García",2020-07-26,30,0,48
"1502","Nacozari de García",2020-08-02,31,9,57
"1503","Nacozari de García",2020-08-09,32,1,58
"1504","Nacozari de García",2020-08-16,33,5,63
"1505","Nacozari de García",2020-08-23,34,1,64
"1506","Nacozari de García",2020-08-30,35,1,65
"1507","Nacozari de García",2020-09-06,36,0,65
"1508","Nacozari de García",2020-09-13,37,1,66
"1509","Nacozari de García",2020-09-20,38,0,66
"1510","Nacozari de García",2020-09-27,39,23,89
"1511","Nacozari de García",2020-10-04,40,0,89
"1512","Nacozari de García",2020-10-11,41,10,99
"1513","Nacozari de García",2020-10-18,42,3,102
"1514","Nacozari de García",2020-10-25,43,9,111
"1515","Nacozari de García",2020-11-01,44,22,133
"1516","Nacozari de García",2020-11-08,45,11,144
"1517","Nacozari de García",2020-11-15,46,12,156
"1518","Nacozari de García",2020-11-22,47,12,168
"1519","Nacozari de García",2020-11-29,48,37,205
"1520","Nacozari de García",2020-12-06,49,26,231
"1521","Nacozari de García",2020-12-13,50,11,242
"1522","Navojoa",2020-03-22,12,1,1
"1523","Navojoa",2020-03-29,13,1,2
"1524","Navojoa",2020-04-05,14,0,2
"1525","Navojoa",2020-04-12,15,2,4
"1526","Navojoa",2020-04-19,16,0,4
"1527","Navojoa",2020-04-26,17,2,6
"1528","Navojoa",2020-05-03,18,2,8
"1529","Navojoa",2020-05-10,19,14,22
"1530","Navojoa",2020-05-17,20,18,40
"1531","Navojoa",2020-05-24,21,26,66
"1532","Navojoa",2020-05-31,22,43,109
"1533","Navojoa",2020-06-07,23,70,179
"1534","Navojoa",2020-06-14,24,62,241
"1535","Navojoa",2020-06-21,25,79,320
"1536","Navojoa",2020-06-28,26,93,413
"1537","Navojoa",2020-07-05,27,99,512
"1538","Navojoa",2020-07-12,28,70,582
"1539","Navojoa",2020-07-19,29,78,660
"1540","Navojoa",2020-07-26,30,59,719
"1541","Navojoa",2020-08-02,31,156,875
"1542","Navojoa",2020-08-09,32,103,978
"1543","Navojoa",2020-08-16,33,73,1051
"1544","Navojoa",2020-08-23,34,46,1097
"1545","Navojoa",2020-08-30,35,55,1152
"1546","Navojoa",2020-09-06,36,78,1230
"1547","Navojoa",2020-09-13,37,124,1354
"1548","Navojoa",2020-09-20,38,66,1420
"1549","Navojoa",2020-09-27,39,69,1489
"1550","Navojoa",2020-10-04,40,52,1541
"1551","Navojoa",2020-10-11,41,44,1585
"1552","Navojoa",2020-10-18,42,49,1634
"1553","Navojoa",2020-10-25,43,34,1668
"1554","Navojoa",2020-11-01,44,39,1707
"1555","Navojoa",2020-11-08,45,29,1736
"1556","Navojoa",2020-11-15,46,83,1819
"1557","Navojoa",2020-11-22,47,56,1875
"1558","Navojoa",2020-11-29,48,64,1939
"1559","Navojoa",2020-12-06,49,62,2001
"1560","Navojoa",2020-12-13,50,20,2021
"1561","Nogales",2020-03-22,12,0,0
"1562","Nogales",2020-03-29,13,0,0
"1563","Nogales",2020-04-05,14,1,1
"1564","Nogales",2020-04-12,15,0,1
"1565","Nogales",2020-04-19,16,1,2
"1566","Nogales",2020-04-26,17,9,11
"1567","Nogales",2020-05-03,18,16,27
"1568","Nogales",2020-05-10,19,23,50
"1569","Nogales",2020-05-17,20,57,107
"1570","Nogales",2020-05-24,21,111,218
"1571","Nogales",2020-05-31,22,87,305
"1572","Nogales",2020-06-07,23,192,497
"1573","Nogales",2020-06-14,24,254,751
"1574","Nogales",2020-06-21,25,243,994
"1575","Nogales",2020-06-28,26,309,1303
"1576","Nogales",2020-07-05,27,227,1530
"1577","Nogales",2020-07-12,28,178,1708
"1578","Nogales",2020-07-19,29,127,1835
"1579","Nogales",2020-07-26,30,51,1886
"1580","Nogales",2020-08-02,31,121,2007
"1581","Nogales",2020-08-09,32,219,2226
"1582","Nogales",2020-08-16,33,75,2301
"1583","Nogales",2020-08-23,34,38,2339
"1584","Nogales",2020-08-30,35,80,2419
"1585","Nogales",2020-09-06,36,32,2451
"1586","Nogales",2020-09-13,37,11,2462
"1587","Nogales",2020-09-20,38,33,2495
"1588","Nogales",2020-09-27,39,52,2547
"1589","Nogales",2020-10-04,40,23,2570
"1590","Nogales",2020-10-11,41,35,2605
"1591","Nogales",2020-10-18,42,49,2654
"1592","Nogales",2020-10-25,43,39,2693
"1593","Nogales",2020-11-01,44,50,2743
"1594","Nogales",2020-11-08,45,47,2790
"1595","Nogales",2020-11-15,46,77,2867
"1596","Nogales",2020-11-22,47,66,2933
"1597","Nogales",2020-11-29,48,173,3106
"1598","Nogales",2020-12-06,49,162,3268
"1599","Nogales",2020-12-13,50,156,3424
"1600","Ónavas",2020-03-22,12,0,0
"1601","Ónavas",2020-03-29,13,0,0
"1602","Ónavas",2020-04-05,14,0,0
"1603","Ónavas",2020-04-12,15,0,0
"1604","Ónavas",2020-04-19,16,0,0
"1605","Ónavas",2020-04-26,17,0,0
"1606","Ónavas",2020-05-03,18,0,0
"1607","Ónavas",2020-05-10,19,0,0
"1608","Ónavas",2020-05-17,20,0,0
"1609","Ónavas",2020-05-24,21,0,0
"1610","Ónavas",2020-05-31,22,1,1
"1611","Ónavas",2020-06-07,23,0,1
"1612","Ónavas",2020-06-14,24,0,1
"1613","Ónavas",2020-06-21,25,0,1
"1614","Ónavas",2020-06-28,26,0,1
"1615","Ónavas",2020-07-05,27,1,2
"1616","Ónavas",2020-07-12,28,0,2
"1617","Ónavas",2020-07-19,29,0,2
"1618","Ónavas",2020-07-26,30,0,2
"1619","Ónavas",2020-08-02,31,2,4
"1620","Ónavas",2020-08-09,32,2,6
"1621","Ónavas",2020-08-16,33,0,6
"1622","Ónavas",2020-08-23,34,0,6
"1623","Ónavas",2020-08-30,35,0,6
"1624","Ónavas",2020-09-06,36,0,6
"1625","Ónavas",2020-09-13,37,0,6
"1626","Ónavas",2020-09-20,38,0,6
"1627","Ónavas",2020-09-27,39,0,6
"1628","Ónavas",2020-10-04,40,0,6
"1629","Ónavas",2020-10-11,41,0,6
"1630","Ónavas",2020-10-18,42,0,6
"1631","Ónavas",2020-10-25,43,0,6
"1632","Ónavas",2020-11-01,44,0,6
"1633","Ónavas",2020-11-08,45,0,6
"1634","Ónavas",2020-11-15,46,0,6
"1635","Ónavas",2020-11-22,47,0,6
"1636","Ónavas",2020-11-29,48,0,6
"1637","Ónavas",2020-12-06,49,0,6
"1638","Ónavas",2020-12-13,50,0,6
"1639","Opodepe",2020-03-22,12,0,0
"1640","Opodepe",2020-03-29,13,0,0
"1641","Opodepe",2020-04-05,14,0,0
"1642","Opodepe",2020-04-12,15,2,2
"1643","Opodepe",2020-04-19,16,0,2
"1644","Opodepe",2020-04-26,17,0,2
"1645","Opodepe",2020-05-03,18,0,2
"1646","Opodepe",2020-05-10,19,0,2
"1647","Opodepe",2020-05-17,20,0,2
"1648","Opodepe",2020-05-24,21,0,2
"1649","Opodepe",2020-05-31,22,0,2
"1650","Opodepe",2020-06-07,23,0,2
"1651","Opodepe",2020-06-14,24,0,2
"1652","Opodepe",2020-06-21,25,0,2
"1653","Opodepe",2020-06-28,26,0,2
"1654","Opodepe",2020-07-05,27,0,2
"1655","Opodepe",2020-07-12,28,0,2
"1656","Opodepe",2020-07-19,29,0,2
"1657","Opodepe",2020-07-26,30,0,2
"1658","Opodepe",2020-08-02,31,0,2
"1659","Opodepe",2020-08-09,32,0,2
"1660","Opodepe",2020-08-16,33,0,2
"1661","Opodepe",2020-08-23,34,0,2
"1662","Opodepe",2020-08-30,35,0,2
"1663","Opodepe",2020-09-06,36,0,2
"1664","Opodepe",2020-09-13,37,0,2
"1665","Opodepe",2020-09-20,38,0,2
"1666","Opodepe",2020-09-27,39,0,2
"1667","Opodepe",2020-10-04,40,0,2
"1668","Opodepe",2020-10-11,41,0,2
"1669","Opodepe",2020-10-18,42,0,2
"1670","Opodepe",2020-10-25,43,0,2
"1671","Opodepe",2020-11-01,44,0,2
"1672","Opodepe",2020-11-08,45,0,2
"1673","Opodepe",2020-11-15,46,0,2
"1674","Opodepe",2020-11-22,47,0,2
"1675","Opodepe",2020-11-29,48,0,2
"1676","Opodepe",2020-12-06,49,0,2
"1677","Opodepe",2020-12-13,50,0,2
"1678","Oquitoa",2020-03-22,12,0,0
"1679","Oquitoa",2020-03-29,13,0,0
"1680","Oquitoa",2020-04-05,14,0,0
"1681","Oquitoa",2020-04-12,15,0,0
"1682","Oquitoa",2020-04-19,16,0,0
"1683","Oquitoa",2020-04-26,17,0,0
"1684","Oquitoa",2020-05-03,18,0,0
"1685","Oquitoa",2020-05-10,19,0,0
"1686","Oquitoa",2020-05-17,20,0,0
"1687","Oquitoa",2020-05-24,21,0,0
"1688","Oquitoa",2020-05-31,22,0,0
"1689","Oquitoa",2020-06-07,23,1,1
"1690","Oquitoa",2020-06-14,24,0,1
"1691","Oquitoa",2020-06-21,25,0,1
"1692","Oquitoa",2020-06-28,26,0,1
"1693","Oquitoa",2020-07-05,27,0,1
"1694","Oquitoa",2020-07-12,28,0,1
"1695","Oquitoa",2020-07-19,29,0,1
"1696","Oquitoa",2020-07-26,30,0,1
"1697","Oquitoa",2020-08-02,31,1,2
"1698","Oquitoa",2020-08-09,32,0,2
"1699","Oquitoa",2020-08-16,33,0,2
"1700","Oquitoa",2020-08-23,34,0,2
"1701","Oquitoa",2020-08-30,35,0,2
"1702","Oquitoa",2020-09-06,36,0,2
"1703","Oquitoa",2020-09-13,37,0,2
"1704","Oquitoa",2020-09-20,38,0,2
"1705","Oquitoa",2020-09-27,39,0,2
"1706","Oquitoa",2020-10-04,40,0,2
"1707","Oquitoa",2020-10-11,41,0,2
"1708","Oquitoa",2020-10-18,42,0,2
"1709","Oquitoa",2020-10-25,43,0,2
"1710","Oquitoa",2020-11-01,44,0,2
"1711","Oquitoa",2020-11-08,45,0,2
"1712","Oquitoa",2020-11-15,46,0,2
"1713","Oquitoa",2020-11-22,47,0,2
"1714","Oquitoa",2020-11-29,48,0,2
"1715","Oquitoa",2020-12-06,49,0,2
"1716","Oquitoa",2020-12-13,50,0,2
"1717","Pitiquito",2020-03-22,12,0,0
"1718","Pitiquito",2020-03-29,13,0,0
"1719","Pitiquito",2020-04-05,14,0,0
"1720","Pitiquito",2020-04-12,15,0,0
"1721","Pitiquito",2020-04-19,16,0,0
"1722","Pitiquito",2020-04-26,17,0,0
"1723","Pitiquito",2020-05-03,18,0,0
"1724","Pitiquito",2020-05-10,19,0,0
"1725","Pitiquito",2020-05-17,20,0,0
"1726","Pitiquito",2020-05-24,21,0,0
"1727","Pitiquito",2020-05-31,22,2,2
"1728","Pitiquito",2020-06-07,23,7,9
"1729","Pitiquito",2020-06-14,24,7,16
"1730","Pitiquito",2020-06-21,25,5,21
"1731","Pitiquito",2020-06-28,26,1,22
"1732","Pitiquito",2020-07-05,27,9,31
"1733","Pitiquito",2020-07-12,28,14,45
"1734","Pitiquito",2020-07-19,29,11,56
"1735","Pitiquito",2020-07-26,30,20,76
"1736","Pitiquito",2020-08-02,31,6,82
"1737","Pitiquito",2020-08-09,32,6,88
"1738","Pitiquito",2020-08-16,33,0,88
"1739","Pitiquito",2020-08-23,34,8,96
"1740","Pitiquito",2020-08-30,35,2,98
"1741","Pitiquito",2020-09-06,36,2,100
"1742","Pitiquito",2020-09-13,37,10,110
"1743","Pitiquito",2020-09-20,38,2,112
"1744","Pitiquito",2020-09-27,39,3,115
"1745","Pitiquito",2020-10-04,40,5,120
"1746","Pitiquito",2020-10-11,41,3,123
"1747","Pitiquito",2020-10-18,42,2,125
"1748","Pitiquito",2020-10-25,43,3,128
"1749","Pitiquito",2020-11-01,44,2,130
"1750","Pitiquito",2020-11-08,45,0,130
"1751","Pitiquito",2020-11-15,46,0,130
"1752","Pitiquito",2020-11-22,47,0,130
"1753","Pitiquito",2020-11-29,48,3,133
"1754","Pitiquito",2020-12-06,49,1,134
"1755","Pitiquito",2020-12-13,50,5,139
"1756","Puerto Peñasco",2020-03-22,12,0,0
"1757","Puerto Peñasco",2020-03-29,13,0,0
"1758","Puerto Peñasco",2020-04-05,14,0,0
"1759","Puerto Peñasco",2020-04-12,15,0,0
"1760","Puerto Peñasco",2020-04-19,16,0,0
"1761","Puerto Peñasco",2020-04-26,17,1,1
"1762","Puerto Peñasco",2020-05-03,18,0,1
"1763","Puerto Peñasco",2020-05-10,19,1,2
"1764","Puerto Peñasco",2020-05-17,20,1,3
"1765","Puerto Peñasco",2020-05-24,21,2,5
"1766","Puerto Peñasco",2020-05-31,22,2,7
"1767","Puerto Peñasco",2020-06-07,23,1,8
"1768","Puerto Peñasco",2020-06-14,24,5,13
"1769","Puerto Peñasco",2020-06-21,25,1,14
"1770","Puerto Peñasco",2020-06-28,26,3,17
"1771","Puerto Peñasco",2020-07-05,27,11,28
"1772","Puerto Peñasco",2020-07-12,28,10,38
"1773","Puerto Peñasco",2020-07-19,29,21,59
"1774","Puerto Peñasco",2020-07-26,30,12,71
"1775","Puerto Peñasco",2020-08-02,31,14,85
"1776","Puerto Peñasco",2020-08-09,32,8,93
"1777","Puerto Peñasco",2020-08-16,33,14,107
"1778","Puerto Peñasco",2020-08-23,34,12,119
"1779","Puerto Peñasco",2020-08-30,35,20,139
"1780","Puerto Peñasco",2020-09-06,36,17,156
"1781","Puerto Peñasco",2020-09-13,37,48,204
"1782","Puerto Peñasco",2020-09-20,38,8,212
"1783","Puerto Peñasco",2020-09-27,39,12,224
"1784","Puerto Peñasco",2020-10-04,40,9,233
"1785","Puerto Peñasco",2020-10-11,41,4,237
"1786","Puerto Peñasco",2020-10-18,42,8,245
"1787","Puerto Peñasco",2020-10-25,43,12,257
"1788","Puerto Peñasco",2020-11-01,44,7,264
"1789","Puerto Peñasco",2020-11-08,45,7,271
"1790","Puerto Peñasco",2020-11-15,46,4,275
"1791","Puerto Peñasco",2020-11-22,47,5,280
"1792","Puerto Peñasco",2020-11-29,48,12,292
"1793","Puerto Peñasco",2020-12-06,49,13,305
"1794","Puerto Peñasco",2020-12-13,50,13,318
"1795","Quiriego",2020-03-22,12,0,0
"1796","Quiriego",2020-03-29,13,0,0
"1797","Quiriego",2020-04-05,14,0,0
"1798","Quiriego",2020-04-12,15,0,0
"1799","Quiriego",2020-04-19,16,0,0
"1800","Quiriego",2020-04-26,17,0,0
"1801","Quiriego",2020-05-03,18,0,0
"1802","Quiriego",2020-05-10,19,0,0
"1803","Quiriego",2020-05-17,20,0,0
"1804","Quiriego",2020-05-24,21,0,0
"1805","Quiriego",2020-05-31,22,0,0
"1806","Quiriego",2020-06-07,23,2,2
"1807","Quiriego",2020-06-14,24,2,4
"1808","Quiriego",2020-06-21,25,1,5
"1809","Quiriego",2020-06-28,26,0,5
"1810","Quiriego",2020-07-05,27,0,5
"1811","Quiriego",2020-07-12,28,0,5
"1812","Quiriego",2020-07-19,29,0,5
"1813","Quiriego",2020-07-26,30,0,5
"1814","Quiriego",2020-08-02,31,0,5
"1815","Quiriego",2020-08-09,32,0,5
"1816","Quiriego",2020-08-16,33,1,6
"1817","Quiriego",2020-08-23,34,0,6
"1818","Quiriego",2020-08-30,35,0,6
"1819","Quiriego",2020-09-06,36,0,6
"1820","Quiriego",2020-09-13,37,0,6
"1821","Quiriego",2020-09-20,38,0,6
"1822","Quiriego",2020-09-27,39,2,8
"1823","Quiriego",2020-10-04,40,0,8
"1824","Quiriego",2020-10-11,41,0,8
"1825","Quiriego",2020-10-18,42,0,8
"1826","Quiriego",2020-10-25,43,0,8
"1827","Quiriego",2020-11-01,44,0,8
"1828","Quiriego",2020-11-08,45,0,8
"1829","Quiriego",2020-11-15,46,0,8
"1830","Quiriego",2020-11-22,47,0,8
"1831","Quiriego",2020-11-29,48,0,8
"1832","Quiriego",2020-12-06,49,1,9
"1833","Quiriego",2020-12-13,50,0,9
"1834","Rayón",2020-03-22,12,0,0
"1835","Rayón",2020-03-29,13,0,0
"1836","Rayón",2020-04-05,14,0,0
"1837","Rayón",2020-04-12,15,0,0
"1838","Rayón",2020-04-19,16,0,0
"1839","Rayón",2020-04-26,17,0,0
"1840","Rayón",2020-05-03,18,0,0
"1841","Rayón",2020-05-10,19,0,0
"1842","Rayón",2020-05-17,20,0,0
"1843","Rayón",2020-05-24,21,0,0
"1844","Rayón",2020-05-31,22,0,0
"1845","Rayón",2020-06-07,23,0,0
"1846","Rayón",2020-06-14,24,0,0
"1847","Rayón",2020-06-21,25,0,0
"1848","Rayón",2020-06-28,26,0,0
"1849","Rayón",2020-07-05,27,3,3
"1850","Rayón",2020-07-12,28,0,3
"1851","Rayón",2020-07-19,29,0,3
"1852","Rayón",2020-07-26,30,0,3
"1853","Rayón",2020-08-02,31,0,3
"1854","Rayón",2020-08-09,32,2,5
"1855","Rayón",2020-08-16,33,0,5
"1856","Rayón",2020-08-23,34,0,5
"1857","Rayón",2020-08-30,35,0,5
"1858","Rayón",2020-09-06,36,0,5
"1859","Rayón",2020-09-13,37,0,5
"1860","Rayón",2020-09-20,38,0,5
"1861","Rayón",2020-09-27,39,0,5
"1862","Rayón",2020-10-04,40,0,5
"1863","Rayón",2020-10-11,41,0,5
"1864","Rayón",2020-10-18,42,0,5
"1865","Rayón",2020-10-25,43,0,5
"1866","Rayón",2020-11-01,44,0,5
"1867","Rayón",2020-11-08,45,0,5
"1868","Rayón",2020-11-15,46,0,5
"1869","Rayón",2020-11-22,47,0,5
"1870","Rayón",2020-11-29,48,0,5
"1871","Rayón",2020-12-06,49,0,5
"1872","Rayón",2020-12-13,50,0,5
"1873","Rosario",2020-03-22,12,0,0
"1874","Rosario",2020-03-29,13,0,0
"1875","Rosario",2020-04-05,14,0,0
"1876","Rosario",2020-04-12,15,0,0
"1877","Rosario",2020-04-19,16,0,0
"1878","Rosario",2020-04-26,17,0,0
"1879","Rosario",2020-05-03,18,0,0
"1880","Rosario",2020-05-10,19,0,0
"1881","Rosario",2020-05-17,20,0,0
"1882","Rosario",2020-05-24,21,1,1
"1883","Rosario",2020-05-31,22,0,1
"1884","Rosario",2020-06-07,23,0,1
"1885","Rosario",2020-06-14,24,0,1
"1886","Rosario",2020-06-21,25,0,1
"1887","Rosario",2020-06-28,26,0,1
"1888","Rosario",2020-07-05,27,0,1
"1889","Rosario",2020-07-12,28,1,2
"1890","Rosario",2020-07-19,29,6,8
"1891","Rosario",2020-07-26,30,0,8
"1892","Rosario",2020-08-02,31,2,10
"1893","Rosario",2020-08-09,32,19,29
"1894","Rosario",2020-08-16,33,7,36
"1895","Rosario",2020-08-23,34,3,39
"1896","Rosario",2020-08-30,35,0,39
"1897","Rosario",2020-09-06,36,1,40
"1898","Rosario",2020-09-13,37,1,41
"1899","Rosario",2020-09-20,38,0,41
"1900","Rosario",2020-09-27,39,1,42
"1901","Rosario",2020-10-04,40,0,42
"1902","Rosario",2020-10-11,41,0,42
"1903","Rosario",2020-10-18,42,1,43
"1904","Rosario",2020-10-25,43,0,43
"1905","Rosario",2020-11-01,44,0,43
"1906","Rosario",2020-11-08,45,0,43
"1907","Rosario",2020-11-15,46,0,43
"1908","Rosario",2020-11-22,47,0,43
"1909","Rosario",2020-11-29,48,0,43
"1910","Rosario",2020-12-06,49,1,44
"1911","Rosario",2020-12-13,50,0,44
"1912","Sahuaripa",2020-03-22,12,0,0
"1913","Sahuaripa",2020-03-29,13,0,0
"1914","Sahuaripa",2020-04-05,14,0,0
"1915","Sahuaripa",2020-04-12,15,0,0
"1916","Sahuaripa",2020-04-19,16,0,0
"1917","Sahuaripa",2020-04-26,17,0,0
"1918","Sahuaripa",2020-05-03,18,0,0
"1919","Sahuaripa",2020-05-10,19,0,0
"1920","Sahuaripa",2020-05-17,20,0,0
"1921","Sahuaripa",2020-05-24,21,0,0
"1922","Sahuaripa",2020-05-31,22,0,0
"1923","Sahuaripa",2020-06-07,23,0,0
"1924","Sahuaripa",2020-06-14,24,8,8
"1925","Sahuaripa",2020-06-21,25,1,9
"1926","Sahuaripa",2020-06-28,26,1,10
"1927","Sahuaripa",2020-07-05,27,2,12
"1928","Sahuaripa",2020-07-12,28,0,12
"1929","Sahuaripa",2020-07-19,29,1,13
"1930","Sahuaripa",2020-07-26,30,1,14
"1931","Sahuaripa",2020-08-02,31,0,14
"1932","Sahuaripa",2020-08-09,32,0,14
"1933","Sahuaripa",2020-08-16,33,0,14
"1934","Sahuaripa",2020-08-23,34,1,15
"1935","Sahuaripa",2020-08-30,35,0,15
"1936","Sahuaripa",2020-09-06,36,0,15
"1937","Sahuaripa",2020-09-13,37,0,15
"1938","Sahuaripa",2020-09-20,38,0,15
"1939","Sahuaripa",2020-09-27,39,2,17
"1940","Sahuaripa",2020-10-04,40,0,17
"1941","Sahuaripa",2020-10-11,41,0,17
"1942","Sahuaripa",2020-10-18,42,0,17
"1943","Sahuaripa",2020-10-25,43,0,17
"1944","Sahuaripa",2020-11-01,44,0,17
"1945","Sahuaripa",2020-11-08,45,0,17
"1946","Sahuaripa",2020-11-15,46,0,17
"1947","Sahuaripa",2020-11-22,47,0,17
"1948","Sahuaripa",2020-11-29,48,16,33
"1949","Sahuaripa",2020-12-06,49,34,67
"1950","Sahuaripa",2020-12-13,50,1,68
"1951","San Felipe de Jesús",2020-03-22,12,0,0
"1952","San Felipe de Jesús",2020-03-29,13,0,0
"1953","San Felipe de Jesús",2020-04-05,14,0,0
"1954","San Felipe de Jesús",2020-04-12,15,0,0
"1955","San Felipe de Jesús",2020-04-19,16,0,0
"1956","San Felipe de Jesús",2020-04-26,17,0,0
"1957","San Felipe de Jesús",2020-05-03,18,0,0
"1958","San Felipe de Jesús",2020-05-10,19,0,0
"1959","San Felipe de Jesús",2020-05-17,20,0,0
"1960","San Felipe de Jesús",2020-05-24,21,0,0
"1961","San Felipe de Jesús",2020-05-31,22,0,0
"1962","San Felipe de Jesús",2020-06-07,23,0,0
"1963","San Felipe de Jesús",2020-06-14,24,0,0
"1964","San Felipe de Jesús",2020-06-21,25,0,0
"1965","San Felipe de Jesús",2020-06-28,26,0,0
"1966","San Felipe de Jesús",2020-07-05,27,1,1
"1967","San Felipe de Jesús",2020-07-12,28,0,1
"1968","San Felipe de Jesús",2020-07-19,29,0,1
"1969","San Felipe de Jesús",2020-07-26,30,0,1
"1970","San Felipe de Jesús",2020-08-02,31,2,3
"1971","San Felipe de Jesús",2020-08-09,32,1,4
"1972","San Felipe de Jesús",2020-08-16,33,0,4
"1973","San Felipe de Jesús",2020-08-23,34,0,4
"1974","San Felipe de Jesús",2020-08-30,35,0,4
"1975","San Felipe de Jesús",2020-09-06,36,0,4
"1976","San Felipe de Jesús",2020-09-13,37,0,4
"1977","San Felipe de Jesús",2020-09-20,38,0,4
"1978","San Felipe de Jesús",2020-09-27,39,0,4
"1979","San Felipe de Jesús",2020-10-04,40,0,4
"1980","San Felipe de Jesús",2020-10-11,41,0,4
"1981","San Felipe de Jesús",2020-10-18,42,0,4
"1982","San Felipe de Jesús",2020-10-25,43,0,4
"1983","San Felipe de Jesús",2020-11-01,44,0,4
"1984","San Felipe de Jesús",2020-11-08,45,0,4
"1985","San Felipe de Jesús",2020-11-15,46,0,4
"1986","San Felipe de Jesús",2020-11-22,47,0,4
"1987","San Felipe de Jesús",2020-11-29,48,0,4
"1988","San Felipe de Jesús",2020-12-06,49,0,4
"1989","San Felipe de Jesús",2020-12-13,50,0,4
"1990","San Ignacio Río Muerto",2020-03-22,12,0,0
"1991","San Ignacio Río Muerto",2020-03-29,13,0,0
"1992","San Ignacio Río Muerto",2020-04-05,14,0,0
"1993","San Ignacio Río Muerto",2020-04-12,15,0,0
"1994","San Ignacio Río Muerto",2020-04-19,16,0,0
"1995","San Ignacio Río Muerto",2020-04-26,17,0,0
"1996","San Ignacio Río Muerto",2020-05-03,18,0,0
"1997","San Ignacio Río Muerto",2020-05-10,19,0,0
"1998","San Ignacio Río Muerto",2020-05-17,20,0,0
"1999","San Ignacio Río Muerto",2020-05-24,21,1,1
"2000","San Ignacio Río Muerto",2020-05-31,22,0,1
"2001","San Ignacio Río Muerto",2020-06-07,23,0,1
"2002","San Ignacio Río Muerto",2020-06-14,24,3,4
"2003","San Ignacio Río Muerto",2020-06-21,25,0,4
"2004","San Ignacio Río Muerto",2020-06-28,26,3,7
"2005","San Ignacio Río Muerto",2020-07-05,27,3,10
"2006","San Ignacio Río Muerto",2020-07-12,28,0,10
"2007","San Ignacio Río Muerto",2020-07-19,29,2,12
"2008","San Ignacio Río Muerto",2020-07-26,30,3,15
"2009","San Ignacio Río Muerto",2020-08-02,31,12,27
"2010","San Ignacio Río Muerto",2020-08-09,32,27,54
"2011","San Ignacio Río Muerto",2020-08-16,33,5,59
"2012","San Ignacio Río Muerto",2020-08-23,34,7,66
"2013","San Ignacio Río Muerto",2020-08-30,35,9,75
"2014","San Ignacio Río Muerto",2020-09-06,36,3,78
"2015","San Ignacio Río Muerto",2020-09-13,37,6,84
"2016","San Ignacio Río Muerto",2020-09-20,38,4,88
"2017","San Ignacio Río Muerto",2020-09-27,39,0,88
"2018","San Ignacio Río Muerto",2020-10-04,40,4,92
"2019","San Ignacio Río Muerto",2020-10-11,41,3,95
"2020","San Ignacio Río Muerto",2020-10-18,42,1,96
"2021","San Ignacio Río Muerto",2020-10-25,43,0,96
"2022","San Ignacio Río Muerto",2020-11-01,44,1,97
"2023","San Ignacio Río Muerto",2020-11-08,45,0,97
"2024","San Ignacio Río Muerto",2020-11-15,46,2,99
"2025","San Ignacio Río Muerto",2020-11-22,47,1,100
"2026","San Ignacio Río Muerto",2020-11-29,48,0,100
"2027","San Ignacio Río Muerto",2020-12-06,49,0,100
"2028","San Ignacio Río Muerto",2020-12-13,50,4,104
"2029","San Javier",2020-03-22,12,0,0
"2030","San Javier",2020-03-29,13,0,0
"2031","San Javier",2020-04-05,14,0,0
"2032","San Javier",2020-04-12,15,0,0
"2033","San Javier",2020-04-19,16,0,0
"2034","San Javier",2020-04-26,17,0,0
"2035","San Javier",2020-05-03,18,0,0
"2036","San Javier",2020-05-10,19,0,0
"2037","San Javier",2020-05-17,20,0,0
"2038","San Javier",2020-05-24,21,0,0
"2039","San Javier",2020-05-31,22,0,0
"2040","San Javier",2020-06-07,23,0,0
"2041","San Javier",2020-06-14,24,0,0
"2042","San Javier",2020-06-21,25,0,0
"2043","San Javier",2020-06-28,26,0,0
"2044","San Javier",2020-07-05,27,0,0
"2045","San Javier",2020-07-12,28,0,0
"2046","San Javier",2020-07-19,29,3,3
"2047","San Javier",2020-07-26,30,0,3
"2048","San Javier",2020-08-02,31,0,3
"2049","San Javier",2020-08-09,32,0,3
"2050","San Javier",2020-08-16,33,0,3
"2051","San Javier",2020-08-23,34,0,3
"2052","San Javier",2020-08-30,35,0,3
"2053","San Javier",2020-09-06,36,0,3
"2054","San Javier",2020-09-13,37,0,3
"2055","San Javier",2020-09-20,38,0,3
"2056","San Javier",2020-09-27,39,0,3
"2057","San Javier",2020-10-04,40,0,3
"2058","San Javier",2020-10-11,41,0,3
"2059","San Javier",2020-10-18,42,0,3
"2060","San Javier",2020-10-25,43,0,3
"2061","San Javier",2020-11-01,44,0,3
"2062","San Javier",2020-11-08,45,0,3
"2063","San Javier",2020-11-15,46,0,3
"2064","San Javier",2020-11-22,47,0,3
"2065","San Javier",2020-11-29,48,0,3
"2066","San Javier",2020-12-06,49,0,3
"2067","San Javier",2020-12-13,50,0,3
"2068","San Luis Río Colorado",2020-03-22,12,0,0
"2069","San Luis Río Colorado",2020-03-29,13,1,1
"2070","San Luis Río Colorado",2020-04-05,14,2,3
"2071","San Luis Río Colorado",2020-04-12,15,28,31
"2072","San Luis Río Colorado",2020-04-19,16,42,73
"2073","San Luis Río Colorado",2020-04-26,17,51,124
"2074","San Luis Río Colorado",2020-05-03,18,29,153
"2075","San Luis Río Colorado",2020-05-10,19,41,194
"2076","San Luis Río Colorado",2020-05-17,20,56,250
"2077","San Luis Río Colorado",2020-05-24,21,55,305
"2078","San Luis Río Colorado",2020-05-31,22,132,437
"2079","San Luis Río Colorado",2020-06-07,23,62,499
"2080","San Luis Río Colorado",2020-06-14,24,87,586
"2081","San Luis Río Colorado",2020-06-21,25,145,731
"2082","San Luis Río Colorado",2020-06-28,26,58,789
"2083","San Luis Río Colorado",2020-07-05,27,89,878
"2084","San Luis Río Colorado",2020-07-12,28,132,1010
"2085","San Luis Río Colorado",2020-07-19,29,90,1100
"2086","San Luis Río Colorado",2020-07-26,30,109,1209
"2087","San Luis Río Colorado",2020-08-02,31,65,1274
"2088","San Luis Río Colorado",2020-08-09,32,108,1382
"2089","San Luis Río Colorado",2020-08-16,33,170,1552
"2090","San Luis Río Colorado",2020-08-23,34,84,1636
"2091","San Luis Río Colorado",2020-08-30,35,152,1788
"2092","San Luis Río Colorado",2020-09-06,36,53,1841
"2093","San Luis Río Colorado",2020-09-13,37,46,1887
"2094","San Luis Río Colorado",2020-09-20,38,14,1901
"2095","San Luis Río Colorado",2020-09-27,39,21,1922
"2096","San Luis Río Colorado",2020-10-04,40,24,1946
"2097","San Luis Río Colorado",2020-10-11,41,13,1959
"2098","San Luis Río Colorado",2020-10-18,42,20,1979
"2099","San Luis Río Colorado",2020-10-25,43,26,2005
"2100","San Luis Río Colorado",2020-11-01,44,38,2043
"2101","San Luis Río Colorado",2020-11-08,45,33,2076
"2102","San Luis Río Colorado",2020-11-15,46,16,2092
"2103","San Luis Río Colorado",2020-11-22,47,33,2125
"2104","San Luis Río Colorado",2020-11-29,48,83,2208
"2105","San Luis Río Colorado",2020-12-06,49,56,2264
"2106","San Luis Río Colorado",2020-12-13,50,69,2333
"2107","San Miguel de Horcasitas",2020-03-22,12,0,0
"2108","San Miguel de Horcasitas",2020-03-29,13,0,0
"2109","San Miguel de Horcasitas",2020-04-05,14,0,0
"2110","San Miguel de Horcasitas",2020-04-12,15,0,0
"2111","San Miguel de Horcasitas",2020-04-19,16,0,0
"2112","San Miguel de Horcasitas",2020-04-26,17,0,0
"2113","San Miguel de Horcasitas",2020-05-03,18,0,0
"2114","San Miguel de Horcasitas",2020-05-10,19,0,0
"2115","San Miguel de Horcasitas",2020-05-17,20,0,0
"2116","San Miguel de Horcasitas",2020-05-24,21,0,0
"2117","San Miguel de Horcasitas",2020-05-31,22,1,1
"2118","San Miguel de Horcasitas",2020-06-07,23,4,5
"2119","San Miguel de Horcasitas",2020-06-14,24,5,10
"2120","San Miguel de Horcasitas",2020-06-21,25,2,12
"2121","San Miguel de Horcasitas",2020-06-28,26,2,14
"2122","San Miguel de Horcasitas",2020-07-05,27,0,14
"2123","San Miguel de Horcasitas",2020-07-12,28,0,14
"2124","San Miguel de Horcasitas",2020-07-19,29,0,14
"2125","San Miguel de Horcasitas",2020-07-26,30,0,14
"2126","San Miguel de Horcasitas",2020-08-02,31,0,14
"2127","San Miguel de Horcasitas",2020-08-09,32,0,14
"2128","San Miguel de Horcasitas",2020-08-16,33,1,15
"2129","San Miguel de Horcasitas",2020-08-23,34,0,15
"2130","San Miguel de Horcasitas",2020-08-30,35,0,15
"2131","San Miguel de Horcasitas",2020-09-06,36,1,16
"2132","San Miguel de Horcasitas",2020-09-13,37,0,16
"2133","San Miguel de Horcasitas",2020-09-20,38,0,16
"2134","San Miguel de Horcasitas",2020-09-27,39,0,16
"2135","San Miguel de Horcasitas",2020-10-04,40,0,16
"2136","San Miguel de Horcasitas",2020-10-11,41,0,16
"2137","San Miguel de Horcasitas",2020-10-18,42,0,16
"2138","San Miguel de Horcasitas",2020-10-25,43,0,16
"2139","San Miguel de Horcasitas",2020-11-01,44,0,16
"2140","San Miguel de Horcasitas",2020-11-08,45,0,16
"2141","San Miguel de Horcasitas",2020-11-15,46,0,16
"2142","San Miguel de Horcasitas",2020-11-22,47,0,16
"2143","San Miguel de Horcasitas",2020-11-29,48,0,16
"2144","San Miguel de Horcasitas",2020-12-06,49,1,17
"2145","San Miguel de Horcasitas",2020-12-13,50,0,17
"2146","Santa Ana",2020-03-22,12,0,0
"2147","Santa Ana",2020-03-29,13,0,0
"2148","Santa Ana",2020-04-05,14,0,0
"2149","Santa Ana",2020-04-12,15,0,0
"2150","Santa Ana",2020-04-19,16,0,0
"2151","Santa Ana",2020-04-26,17,0,0
"2152","Santa Ana",2020-05-03,18,0,0
"2153","Santa Ana",2020-05-10,19,1,1
"2154","Santa Ana",2020-05-17,20,1,2
"2155","Santa Ana",2020-05-24,21,5,7
"2156","Santa Ana",2020-05-31,22,3,10
"2157","Santa Ana",2020-06-07,23,5,15
"2158","Santa Ana",2020-06-14,24,12,27
"2159","Santa Ana",2020-06-21,25,13,40
"2160","Santa Ana",2020-06-28,26,16,56
"2161","Santa Ana",2020-07-05,27,6,62
"2162","Santa Ana",2020-07-12,28,11,73
"2163","Santa Ana",2020-07-19,29,13,86
"2164","Santa Ana",2020-07-26,30,4,90
"2165","Santa Ana",2020-08-02,31,5,95
"2166","Santa Ana",2020-08-09,32,5,100
"2167","Santa Ana",2020-08-16,33,3,103
"2168","Santa Ana",2020-08-23,34,1,104
"2169","Santa Ana",2020-08-30,35,2,106
"2170","Santa Ana",2020-09-06,36,6,112
"2171","Santa Ana",2020-09-13,37,4,116
"2172","Santa Ana",2020-09-20,38,3,119
"2173","Santa Ana",2020-09-27,39,1,120
"2174","Santa Ana",2020-10-04,40,4,124
"2175","Santa Ana",2020-10-11,41,2,126
"2176","Santa Ana",2020-10-18,42,6,132
"2177","Santa Ana",2020-10-25,43,7,139
"2178","Santa Ana",2020-11-01,44,2,141
"2179","Santa Ana",2020-11-08,45,11,152
"2180","Santa Ana",2020-11-15,46,10,162
"2181","Santa Ana",2020-11-22,47,17,179
"2182","Santa Ana",2020-11-29,48,12,191
"2183","Santa Ana",2020-12-06,49,29,220
"2184","Santa Ana",2020-12-13,50,11,231
"2185","Santa Cruz",2020-03-22,12,0,0
"2186","Santa Cruz",2020-03-29,13,0,0
"2187","Santa Cruz",2020-04-05,14,0,0
"2188","Santa Cruz",2020-04-12,15,0,0
"2189","Santa Cruz",2020-04-19,16,0,0
"2190","Santa Cruz",2020-04-26,17,0,0
"2191","Santa Cruz",2020-05-03,18,0,0
"2192","Santa Cruz",2020-05-10,19,0,0
"2193","Santa Cruz",2020-05-17,20,0,0
"2194","Santa Cruz",2020-05-24,21,0,0
"2195","Santa Cruz",2020-05-31,22,0,0
"2196","Santa Cruz",2020-06-07,23,0,0
"2197","Santa Cruz",2020-06-14,24,0,0
"2198","Santa Cruz",2020-06-21,25,0,0
"2199","Santa Cruz",2020-06-28,26,0,0
"2200","Santa Cruz",2020-07-05,27,1,1
"2201","Santa Cruz",2020-07-12,28,1,2
"2202","Santa Cruz",2020-07-19,29,0,2
"2203","Santa Cruz",2020-07-26,30,0,2
"2204","Santa Cruz",2020-08-02,31,1,3
"2205","Santa Cruz",2020-08-09,32,0,3
"2206","Santa Cruz",2020-08-16,33,0,3
"2207","Santa Cruz",2020-08-23,34,0,3
"2208","Santa Cruz",2020-08-30,35,0,3
"2209","Santa Cruz",2020-09-06,36,0,3
"2210","Santa Cruz",2020-09-13,37,0,3
"2211","Santa Cruz",2020-09-20,38,0,3
"2212","Santa Cruz",2020-09-27,39,0,3
"2213","Santa Cruz",2020-10-04,40,0,3
"2214","Santa Cruz",2020-10-11,41,0,3
"2215","Santa Cruz",2020-10-18,42,0,3
"2216","Santa Cruz",2020-10-25,43,0,3
"2217","Santa Cruz",2020-11-01,44,0,3
"2218","Santa Cruz",2020-11-08,45,0,3
"2219","Santa Cruz",2020-11-15,46,0,3
"2220","Santa Cruz",2020-11-22,47,0,3
"2221","Santa Cruz",2020-11-29,48,0,3
"2222","Santa Cruz",2020-12-06,49,0,3
"2223","Santa Cruz",2020-12-13,50,1,4
"2224","Sáric",2020-03-22,12,0,0
"2225","Sáric",2020-03-29,13,0,0
"2226","Sáric",2020-04-05,14,1,1
"2227","Sáric",2020-04-12,15,2,3
"2228","Sáric",2020-04-19,16,1,4
"2229","Sáric",2020-04-26,17,0,4
"2230","Sáric",2020-05-03,18,0,4
"2231","Sáric",2020-05-10,19,0,4
"2232","Sáric",2020-05-17,20,0,4
"2233","Sáric",2020-05-24,21,0,4
"2234","Sáric",2020-05-31,22,0,4
"2235","Sáric",2020-06-07,23,0,4
"2236","Sáric",2020-06-14,24,0,4
"2237","Sáric",2020-06-21,25,1,5
"2238","Sáric",2020-06-28,26,0,5
"2239","Sáric",2020-07-05,27,0,5
"2240","Sáric",2020-07-12,28,0,5
"2241","Sáric",2020-07-19,29,0,5
"2242","Sáric",2020-07-26,30,0,5
"2243","Sáric",2020-08-02,31,1,6
"2244","Sáric",2020-08-09,32,0,6
"2245","Sáric",2020-08-16,33,0,6
"2246","Sáric",2020-08-23,34,0,6
"2247","Sáric",2020-08-30,35,0,6
"2248","Sáric",2020-09-06,36,0,6
"2249","Sáric",2020-09-13,37,0,6
"2250","Sáric",2020-09-20,38,0,6
"2251","Sáric",2020-09-27,39,0,6
"2252","Sáric",2020-10-04,40,0,6
"2253","Sáric",2020-10-11,41,0,6
"2254","Sáric",2020-10-18,42,0,6
"2255","Sáric",2020-10-25,43,0,6
"2256","Sáric",2020-11-01,44,0,6
"2257","Sáric",2020-11-08,45,0,6
"2258","Sáric",2020-11-15,46,2,8
"2259","Sáric",2020-11-22,47,10,18
"2260","Sáric",2020-11-29,48,3,21
"2261","Sáric",2020-12-06,49,1,22
"2262","Sáric",2020-12-13,50,0,22
"2263","Soyopa",2020-03-22,12,0,0
"2264","Soyopa",2020-03-29,13,0,0
"2265","Soyopa",2020-04-05,14,0,0
"2266","Soyopa",2020-04-12,15,0,0
"2267","Soyopa",2020-04-19,16,0,0
"2268","Soyopa",2020-04-26,17,0,0
"2269","Soyopa",2020-05-03,18,0,0
"2270","Soyopa",2020-05-10,19,0,0
"2271","Soyopa",2020-05-17,20,0,0
"2272","Soyopa",2020-05-24,21,0,0
"2273","Soyopa",2020-05-31,22,0,0
"2274","Soyopa",2020-06-07,23,0,0
"2275","Soyopa",2020-06-14,24,0,0
"2276","Soyopa",2020-06-21,25,0,0
"2277","Soyopa",2020-06-28,26,0,0
"2278","Soyopa",2020-07-05,27,0,0
"2279","Soyopa",2020-07-12,28,0,0
"2280","Soyopa",2020-07-19,29,0,0
"2281","Soyopa",2020-07-26,30,0,0
"2282","Soyopa",2020-08-02,31,0,0
"2283","Soyopa",2020-08-09,32,0,0
"2284","Soyopa",2020-08-16,33,1,1
"2285","Soyopa",2020-08-23,34,0,1
"2286","Soyopa",2020-08-30,35,0,1
"2287","Soyopa",2020-09-06,36,0,1
"2288","Soyopa",2020-09-13,37,0,1
"2289","Soyopa",2020-09-20,38,0,1
"2290","Soyopa",2020-09-27,39,0,1
"2291","Soyopa",2020-10-04,40,0,1
"2292","Soyopa",2020-10-11,41,0,1
"2293","Soyopa",2020-10-18,42,0,1
"2294","Soyopa",2020-10-25,43,0,1
"2295","Soyopa",2020-11-01,44,0,1
"2296","Soyopa",2020-11-08,45,0,1
"2297","Soyopa",2020-11-15,46,0,1
"2298","Soyopa",2020-11-22,47,0,1
"2299","Soyopa",2020-11-29,48,0,1
"2300","Soyopa",2020-12-06,49,0,1
"2301","Soyopa",2020-12-13,50,0,1
"2302","Suaqui Grande",2020-03-22,12,0,0
"2303","Suaqui Grande",2020-03-29,13,0,0
"2304","Suaqui Grande",2020-04-05,14,0,0
"2305","Suaqui Grande",2020-04-12,15,0,0
"2306","Suaqui Grande",2020-04-19,16,0,0
"2307","Suaqui Grande",2020-04-26,17,0,0
"2308","Suaqui Grande",2020-05-03,18,0,0
"2309","Suaqui Grande",2020-05-10,19,0,0
"2310","Suaqui Grande",2020-05-17,20,0,0
"2311","Suaqui Grande",2020-05-24,21,0,0
"2312","Suaqui Grande",2020-05-31,22,0,0
"2313","Suaqui Grande",2020-06-07,23,0,0
"2314","Suaqui Grande",2020-06-14,24,0,0
"2315","Suaqui Grande",2020-06-21,25,0,0
"2316","Suaqui Grande",2020-06-28,26,0,0
"2317","Suaqui Grande",2020-07-05,27,0,0
"2318","Suaqui Grande",2020-07-12,28,0,0
"2319","Suaqui Grande",2020-07-19,29,0,0
"2320","Suaqui Grande",2020-07-26,30,0,0
"2321","Suaqui Grande",2020-08-02,31,1,1
"2322","Suaqui Grande",2020-08-09,32,0,1
"2323","Suaqui Grande",2020-08-16,33,0,1
"2324","Suaqui Grande",2020-08-23,34,0,1
"2325","Suaqui Grande",2020-08-30,35,0,1
"2326","Suaqui Grande",2020-09-06,36,0,1
"2327","Suaqui Grande",2020-09-13,37,0,1
"2328","Suaqui Grande",2020-09-20,38,0,1
"2329","Suaqui Grande",2020-09-27,39,0,1
"2330","Suaqui Grande",2020-10-04,40,0,1
"2331","Suaqui Grande",2020-10-11,41,0,1
"2332","Suaqui Grande",2020-10-18,42,0,1
"2333","Suaqui Grande",2020-10-25,43,0,1
"2334","Suaqui Grande",2020-11-01,44,0,1
"2335","Suaqui Grande",2020-11-08,45,0,1
"2336","Suaqui Grande",2020-11-15,46,0,1
"2337","Suaqui Grande",2020-11-22,47,0,1
"2338","Suaqui Grande",2020-11-29,48,0,1
"2339","Suaqui Grande",2020-12-06,49,0,1
"2340","Suaqui Grande",2020-12-13,50,0,1
"2341","Tepache",2020-03-22,12,0,0
"2342","Tepache",2020-03-29,13,0,0
"2343","Tepache",2020-04-05,14,0,0
"2344","Tepache",2020-04-12,15,0,0
"2345","Tepache",2020-04-19,16,0,0
"2346","Tepache",2020-04-26,17,0,0
"2347","Tepache",2020-05-03,18,0,0
"2348","Tepache",2020-05-10,19,0,0
"2349","Tepache",2020-05-17,20,0,0
"2350","Tepache",2020-05-24,21,0,0
"2351","Tepache",2020-05-31,22,0,0
"2352","Tepache",2020-06-07,23,0,0
"2353","Tepache",2020-06-14,24,0,0
"2354","Tepache",2020-06-21,25,0,0
"2355","Tepache",2020-06-28,26,0,0
"2356","Tepache",2020-07-05,27,2,2
"2357","Tepache",2020-07-12,28,0,2
"2358","Tepache",2020-07-19,29,0,2
"2359","Tepache",2020-07-26,30,0,2
"2360","Tepache",2020-08-02,31,0,2
"2361","Tepache",2020-08-09,32,0,2
"2362","Tepache",2020-08-16,33,0,2
"2363","Tepache",2020-08-23,34,0,2
"2364","Tepache",2020-08-30,35,0,2
"2365","Tepache",2020-09-06,36,0,2
"2366","Tepache",2020-09-13,37,0,2
"2367","Tepache",2020-09-20,38,0,2
"2368","Tepache",2020-09-27,39,0,2
"2369","Tepache",2020-10-04,40,0,2
"2370","Tepache",2020-10-11,41,0,2
"2371","Tepache",2020-10-18,42,0,2
"2372","Tepache",2020-10-25,43,0,2
"2373","Tepache",2020-11-01,44,0,2
"2374","Tepache",2020-11-08,45,0,2
"2375","Tepache",2020-11-15,46,0,2
"2376","Tepache",2020-11-22,47,0,2
"2377","Tepache",2020-11-29,48,0,2
"2378","Tepache",2020-12-06,49,0,2
"2379","Tepache",2020-12-13,50,0,2
"2380","Trincheras",2020-03-22,12,0,0
"2381","Trincheras",2020-03-29,13,0,0
"2382","Trincheras",2020-04-05,14,0,0
"2383","Trincheras",2020-04-12,15,0,0
"2384","Trincheras",2020-04-19,16,0,0
"2385","Trincheras",2020-04-26,17,0,0
"2386","Trincheras",2020-05-03,18,0,0
"2387","Trincheras",2020-05-10,19,0,0
"2388","Trincheras",2020-05-17,20,0,0
"2389","Trincheras",2020-05-24,21,0,0
"2390","Trincheras",2020-05-31,22,0,0
"2391","Trincheras",2020-06-07,23,0,0
"2392","Trincheras",2020-06-14,24,2,2
"2393","Trincheras",2020-06-21,25,2,4
"2394","Trincheras",2020-06-28,26,2,6
"2395","Trincheras",2020-07-05,27,0,6
"2396","Trincheras",2020-07-12,28,0,6
"2397","Trincheras",2020-07-19,29,0,6
"2398","Trincheras",2020-07-26,30,0,6
"2399","Trincheras",2020-08-02,31,0,6
"2400","Trincheras",2020-08-09,32,0,6
"2401","Trincheras",2020-08-16,33,0,6
"2402","Trincheras",2020-08-23,34,0,6
"2403","Trincheras",2020-08-30,35,0,6
"2404","Trincheras",2020-09-06,36,4,10
"2405","Trincheras",2020-09-13,37,1,11
"2406","Trincheras",2020-09-20,38,0,11
"2407","Trincheras",2020-09-27,39,0,11
"2408","Trincheras",2020-10-04,40,0,11
"2409","Trincheras",2020-10-11,41,0,11
"2410","Trincheras",2020-10-18,42,0,11
"2411","Trincheras",2020-10-25,43,1,12
"2412","Trincheras",2020-11-01,44,0,12
"2413","Trincheras",2020-11-08,45,0,12
"2414","Trincheras",2020-11-15,46,0,12
"2415","Trincheras",2020-11-22,47,0,12
"2416","Trincheras",2020-11-29,48,0,12
"2417","Trincheras",2020-12-06,49,1,13
"2418","Trincheras",2020-12-13,50,0,13
"2419","Tubutama",2020-03-22,12,0,0
"2420","Tubutama",2020-03-29,13,0,0
"2421","Tubutama",2020-04-05,14,0,0
"2422","Tubutama",2020-04-12,15,0,0
"2423","Tubutama",2020-04-19,16,0,0
"2424","Tubutama",2020-04-26,17,0,0
"2425","Tubutama",2020-05-03,18,0,0
"2426","Tubutama",2020-05-10,19,0,0
"2427","Tubutama",2020-05-17,20,0,0
"2428","Tubutama",2020-05-24,21,0,0
"2429","Tubutama",2020-05-31,22,0,0
"2430","Tubutama",2020-06-07,23,0,0
"2431","Tubutama",2020-06-14,24,1,1
"2432","Tubutama",2020-06-21,25,0,1
"2433","Tubutama",2020-06-28,26,0,1
"2434","Tubutama",2020-07-05,27,0,1
"2435","Tubutama",2020-07-12,28,0,1
"2436","Tubutama",2020-07-19,29,0,1
"2437","Tubutama",2020-07-26,30,2,3
"2438","Tubutama",2020-08-02,31,1,4
"2439","Tubutama",2020-08-09,32,1,5
"2440","Tubutama",2020-08-16,33,0,5
"2441","Tubutama",2020-08-23,34,0,5
"2442","Tubutama",2020-08-30,35,0,5
"2443","Tubutama",2020-09-06,36,0,5
"2444","Tubutama",2020-09-13,37,0,5
"2445","Tubutama",2020-09-20,38,0,5
"2446","Tubutama",2020-09-27,39,0,5
"2447","Tubutama",2020-10-04,40,0,5
"2448","Tubutama",2020-10-11,41,0,5
"2449","Tubutama",2020-10-18,42,0,5
"2450","Tubutama",2020-10-25,43,0,5
"2451","Tubutama",2020-11-01,44,0,5
"2452","Tubutama",2020-11-08,45,0,5
"2453","Tubutama",2020-11-15,46,0,5
"2454","Tubutama",2020-11-22,47,0,5
"2455","Tubutama",2020-11-29,48,0,5
"2456","Tubutama",2020-12-06,49,0,5
"2457","Tubutama",2020-12-13,50,0,5
"2458","Ures",2020-03-22,12,0,0
"2459","Ures",2020-03-29,13,0,0
"2460","Ures",2020-04-05,14,0,0
"2461","Ures",2020-04-12,15,0,0
"2462","Ures",2020-04-19,16,0,0
"2463","Ures",2020-04-26,17,0,0
"2464","Ures",2020-05-03,18,0,0
"2465","Ures",2020-05-10,19,0,0
"2466","Ures",2020-05-17,20,1,1
"2467","Ures",2020-05-24,21,1,2
"2468","Ures",2020-05-31,22,1,3
"2469","Ures",2020-06-07,23,2,5
"2470","Ures",2020-06-14,24,1,6
"2471","Ures",2020-06-21,25,0,6
"2472","Ures",2020-06-28,26,1,7
"2473","Ures",2020-07-05,27,6,13
"2474","Ures",2020-07-12,28,4,17
"2475","Ures",2020-07-19,29,6,23
"2476","Ures",2020-07-26,30,4,27
"2477","Ures",2020-08-02,31,0,27
"2478","Ures",2020-08-09,32,3,30
"2479","Ures",2020-08-16,33,0,30
"2480","Ures",2020-08-23,34,1,31
"2481","Ures",2020-08-30,35,1,32
"2482","Ures",2020-09-06,36,0,32
"2483","Ures",2020-09-13,37,2,34
"2484","Ures",2020-09-20,38,2,36
"2485","Ures",2020-09-27,39,1,37
"2486","Ures",2020-10-04,40,1,38
"2487","Ures",2020-10-11,41,1,39
"2488","Ures",2020-10-18,42,0,39
"2489","Ures",2020-10-25,43,1,40
"2490","Ures",2020-11-01,44,4,44
"2491","Ures",2020-11-08,45,1,45
"2492","Ures",2020-11-15,46,4,49
"2493","Ures",2020-11-22,47,4,53
"2494","Ures",2020-11-29,48,5,58
"2495","Ures",2020-12-06,49,1,59
"2496","Ures",2020-12-13,50,3,62
"2497","Villa Hidalgo",2020-03-22,12,0,0
"2498","Villa Hidalgo",2020-03-29,13,0,0
"2499","Villa Hidalgo",2020-04-05,14,0,0
"2500","Villa Hidalgo",2020-04-12,15,0,0
"2501","Villa Hidalgo",2020-04-19,16,0,0
"2502","Villa Hidalgo",2020-04-26,17,0,0
"2503","Villa Hidalgo",2020-05-03,18,0,0
"2504","Villa Hidalgo",2020-05-10,19,0,0
"2505","Villa Hidalgo",2020-05-17,20,0,0
"2506","Villa Hidalgo",2020-05-24,21,0,0
"2507","Villa Hidalgo",2020-05-31,22,0,0
"2508","Villa Hidalgo",2020-06-07,23,0,0
"2509","Villa Hidalgo",2020-06-14,24,0,0
"2510","Villa Hidalgo",2020-06-21,25,1,1
"2511","Villa Hidalgo",2020-06-28,26,0,1
"2512","Villa Hidalgo",2020-07-05,27,3,4
"2513","Villa Hidalgo",2020-07-12,28,0,4
"2514","Villa Hidalgo",2020-07-19,29,0,4
"2515","Villa Hidalgo",2020-07-26,30,0,4
"2516","Villa Hidalgo",2020-08-02,31,1,5
"2517","Villa Hidalgo",2020-08-09,32,0,5
"2518","Villa Hidalgo",2020-08-16,33,0,5
"2519","Villa Hidalgo",2020-08-23,34,0,5
"2520","Villa Hidalgo",2020-08-30,35,0,5
"2521","Villa Hidalgo",2020-09-06,36,0,5
"2522","Villa Hidalgo",2020-09-13,37,0,5
"2523","Villa Hidalgo",2020-09-20,38,0,5
"2524","Villa Hidalgo",2020-09-27,39,0,5
"2525","Villa Hidalgo",2020-10-04,40,0,5
"2526","Villa Hidalgo",2020-10-11,41,0,5
"2527","Villa Hidalgo",2020-10-18,42,2,7
"2528","Villa Hidalgo",2020-10-25,43,1,8
"2529","Villa Hidalgo",2020-11-01,44,1,9
"2530","Villa Hidalgo",2020-11-08,45,0,9
"2531","Villa Hidalgo",2020-11-15,46,1,10
"2532","Villa Hidalgo",2020-11-22,47,1,11
"2533","Villa Hidalgo",2020-11-29,48,0,11
"2534","Villa Hidalgo",2020-12-06,49,1,12
"2535","Villa Hidalgo",2020-12-13,50,0,12
"2536","Villa Pesqueira",2020-03-22,12,0,0
"2537","Villa Pesqueira",2020-03-29,13,0,0
"2538","Villa Pesqueira",2020-04-05,14,0,0
"2539","Villa Pesqueira",2020-04-12,15,0,0
"2540","Villa Pesqueira",2020-04-19,16,0,0
"2541","Villa Pesqueira",2020-04-26,17,0,0
"2542","Villa Pesqueira",2020-05-03,18,0,0
"2543","Villa Pesqueira",2020-05-10,19,1,1
"2544","Villa Pesqueira",2020-05-17,20,0,1
"2545","Villa Pesqueira",2020-05-24,21,0,1
"2546","Villa Pesqueira",2020-05-31,22,0,1
"2547","Villa Pesqueira",2020-06-07,23,0,1
"2548","Villa Pesqueira",2020-06-14,24,0,1
"2549","Villa Pesqueira",2020-06-21,25,0,1
"2550","Villa Pesqueira",2020-06-28,26,0,1
"2551","Villa Pesqueira",2020-07-05,27,0,1
"2552","Villa Pesqueira",2020-07-12,28,0,1
"2553","Villa Pesqueira",2020-07-19,29,1,2
"2554","Villa Pesqueira",2020-07-26,30,0,2
"2555","Villa Pesqueira",2020-08-02,31,0,2
"2556","Villa Pesqueira",2020-08-09,32,0,2
"2557","Villa Pesqueira",2020-08-16,33,0,2
"2558","Villa Pesqueira",2020-08-23,34,0,2
"2559","Villa Pesqueira",2020-08-30,35,0,2
"2560","Villa Pesqueira",2020-09-06,36,2,4
"2561","Villa Pesqueira",2020-09-13,37,0,4
"2562","Villa Pesqueira",2020-09-20,38,0,4
"2563","Villa Pesqueira",2020-09-27,39,0,4
"2564","Villa Pesqueira",2020-10-04,40,0,4
"2565","Villa Pesqueira",2020-10-11,41,0,4
"2566","Villa Pesqueira",2020-10-18,42,0,4
"2567","Villa Pesqueira",2020-10-25,43,0,4
"2568","Villa Pesqueira",2020-11-01,44,0,4
"2569","Villa Pesqueira",2020-11-08,45,0,4
"2570","Villa Pesqueira",2020-11-15,46,0,4
"2571","Villa Pesqueira",2020-11-22,47,0,4
"2572","Villa Pesqueira",2020-11-29,48,0,4
"2573","Villa Pesqueira",2020-12-06,49,0,4
"2574","Villa Pesqueira",2020-12-13,50,0,4
"2575","Yécora",2020-03-22,12,0,0
"2576","Yécora",2020-03-29,13,0,0
"2577","Yécora",2020-04-05,14,0,0
"2578","Yécora",2020-04-12,15,0,0
"2579","Yécora",2020-04-19,16,0,0
"2580","Yécora",2020-04-26,17,0,0
"2581","Yécora",2020-05-03,18,0,0
"2582","Yécora",2020-05-10,19,0,0
"2583","Yécora",2020-05-17,20,0,0
"2584","Yécora",2020-05-24,21,0,0
"2585","Yécora",2020-05-31,22,0,0
"2586","Yécora",2020-06-07,23,0,0
"2587","Yécora",2020-06-14,24,0,0
"2588","Yécora",2020-06-21,25,0,0
"2589","Yécora",2020-06-28,26,0,0
"2590","Yécora",2020-07-05,27,1,1
"2591","Yécora",2020-07-12,28,4,5
"2592","Yécora",2020-07-19,29,10,15
"2593","Yécora",2020-07-26,30,6,21
"2594","Yécora",2020-08-02,31,0,21
"2595","Yécora",2020-08-09,32,0,21
"2596","Yécora",2020-08-16,33,0,21
"2597","Yécora",2020-08-23,34,1,22
"2598","Yécora",2020-08-30,35,0,22
"2599","Yécora",2020-09-06,36,0,22
"2600","Yécora",2020-09-13,37,0,22
"2601","Yécora",2020-09-20,38,0,22
"2602","Yécora",2020-09-27,39,0,22
"2603","Yécora",2020-10-04,40,0,22
"2604","Yécora",2020-10-11,41,0,22
"2605","Yécora",2020-10-18,42,0,22
"2606","Yécora",2020-10-25,43,0,22
"2607","Yécora",2020-11-01,44,0,22
"2608","Yécora",2020-11-08,45,0,22
"2609","Yécora",2020-11-15,46,0,22
"2610","Yécora",2020-11-22,47,1,23
"2611","Yécora",2020-11-29,48,0,23
"2612","Yécora",2020-12-06,49,2,25
"2613","Yécora",2020-12-13,50,0,25
