"","MUNICIPIO","Reporte","Semana","DECESOS SEMANALES","ACUMULADOS"
"1","Aconchi",2020-04-05,14,0,0
"2","Aconchi",2020-04-12,15,0,0
"3","Aconchi",2020-04-19,16,0,0
"4","Aconchi",2020-04-26,17,0,0
"5","Aconchi",2020-05-03,18,0,0
"6","Aconchi",2020-05-10,19,0,0
"7","Aconchi",2020-05-17,20,0,0
"8","Aconchi",2020-05-24,21,0,0
"9","Aconchi",2020-05-31,22,0,0
"10","Aconchi",2020-06-07,23,0,0
"11","Aconchi",2020-06-14,24,0,0
"12","Aconchi",2020-06-21,25,0,0
"13","Aconchi",2020-06-28,26,0,0
"14","Aconchi",2020-07-05,27,0,0
"15","Aconchi",2020-07-12,28,0,0
"16","Aconchi",2020-07-19,29,0,0
"17","Aconchi",2020-07-26,30,0,0
"18","Aconchi",2020-08-02,31,0,0
"19","Aconchi",2020-08-09,32,0,0
"20","Aconchi",2020-08-16,33,0,0
"21","Aconchi",2020-08-23,34,0,0
"22","Aconchi",2020-08-30,35,0,0
"23","Aconchi",2020-09-06,36,0,0
"24","Aconchi",2020-09-13,37,0,0
"25","Aconchi",2020-09-20,38,0,0
"26","Aconchi",2020-09-27,39,0,0
"27","Aconchi",2020-10-04,40,1,1
"28","Aconchi",2020-10-11,41,1,2
"29","Aconchi",2020-10-18,42,0,2
"30","Aconchi",2020-10-25,43,1,3
"31","Aconchi",2020-11-01,44,0,3
"32","Aconchi",2020-11-08,45,0,3
"33","Aconchi",2020-11-15,46,0,3
"34","Aconchi",2020-11-22,47,0,3
"35","Aconchi",2020-11-29,48,0,3
"36","Aconchi",2020-12-06,49,0,3
"37","Aconchi",2020-12-13,50,0,3
"38","Aconchi",2020-12-20,51,0,3
"39","Aconchi",2020-12-27,52,0,3
"40","Agua Prieta",2020-04-05,14,0,0
"41","Agua Prieta",2020-04-12,15,0,0
"42","Agua Prieta",2020-04-19,16,0,0
"43","Agua Prieta",2020-04-26,17,0,0
"44","Agua Prieta",2020-05-03,18,0,0
"45","Agua Prieta",2020-05-10,19,0,0
"46","Agua Prieta",2020-05-17,20,0,0
"47","Agua Prieta",2020-05-24,21,2,2
"48","Agua Prieta",2020-05-31,22,1,3
"49","Agua Prieta",2020-06-07,23,1,4
"50","Agua Prieta",2020-06-14,24,2,6
"51","Agua Prieta",2020-06-21,25,5,11
"52","Agua Prieta",2020-06-28,26,3,14
"53","Agua Prieta",2020-07-05,27,8,22
"54","Agua Prieta",2020-07-12,28,3,25
"55","Agua Prieta",2020-07-19,29,3,28
"56","Agua Prieta",2020-07-26,30,19,47
"57","Agua Prieta",2020-08-02,31,10,57
"58","Agua Prieta",2020-08-09,32,7,64
"59","Agua Prieta",2020-08-16,33,5,69
"60","Agua Prieta",2020-08-23,34,1,70
"61","Agua Prieta",2020-08-30,35,1,71
"62","Agua Prieta",2020-09-06,36,1,72
"63","Agua Prieta",2020-09-13,37,1,73
"64","Agua Prieta",2020-09-20,38,0,73
"65","Agua Prieta",2020-09-27,39,0,73
"66","Agua Prieta",2020-10-04,40,0,73
"67","Agua Prieta",2020-10-11,41,1,74
"68","Agua Prieta",2020-10-18,42,1,75
"69","Agua Prieta",2020-10-25,43,0,75
"70","Agua Prieta",2020-11-01,44,1,76
"71","Agua Prieta",2020-11-08,45,3,79
"72","Agua Prieta",2020-11-15,46,3,82
"73","Agua Prieta",2020-11-22,47,3,85
"74","Agua Prieta",2020-11-29,48,19,104
"75","Agua Prieta",2020-12-06,49,14,118
"76","Agua Prieta",2020-12-13,50,17,135
"77","Agua Prieta",2020-12-20,51,6,141
"78","Agua Prieta",2020-12-27,52,9,150
"79","Álamos",2020-04-05,14,0,0
"80","Álamos",2020-04-12,15,0,0
"81","Álamos",2020-04-19,16,0,0
"82","Álamos",2020-04-26,17,0,0
"83","Álamos",2020-05-03,18,0,0
"84","Álamos",2020-05-10,19,0,0
"85","Álamos",2020-05-17,20,0,0
"86","Álamos",2020-05-24,21,0,0
"87","Álamos",2020-05-31,22,0,0
"88","Álamos",2020-06-07,23,0,0
"89","Álamos",2020-06-14,24,0,0
"90","Álamos",2020-06-21,25,0,0
"91","Álamos",2020-06-28,26,0,0
"92","Álamos",2020-07-05,27,0,0
"93","Álamos",2020-07-12,28,0,0
"94","Álamos",2020-07-19,29,0,0
"95","Álamos",2020-07-26,30,0,0
"96","Álamos",2020-08-02,31,0,0
"97","Álamos",2020-08-09,32,0,0
"98","Álamos",2020-08-16,33,0,0
"99","Álamos",2020-08-23,34,0,0
"100","Álamos",2020-08-30,35,1,1
"101","Álamos",2020-09-06,36,0,1
"102","Álamos",2020-09-13,37,0,1
"103","Álamos",2020-09-20,38,0,1
"104","Álamos",2020-09-27,39,0,1
"105","Álamos",2020-10-04,40,0,1
"106","Álamos",2020-10-11,41,0,1
"107","Álamos",2020-10-18,42,0,1
"108","Álamos",2020-10-25,43,0,1
"109","Álamos",2020-11-01,44,0,1
"110","Álamos",2020-11-08,45,0,1
"111","Álamos",2020-11-15,46,0,1
"112","Álamos",2020-11-22,47,0,1
"113","Álamos",2020-11-29,48,0,1
"114","Álamos",2020-12-06,49,0,1
"115","Álamos",2020-12-13,50,0,1
"116","Álamos",2020-12-20,51,0,1
"117","Álamos",2020-12-27,52,1,2
"118","Altar",2020-04-05,14,0,0
"119","Altar",2020-04-12,15,0,0
"120","Altar",2020-04-19,16,0,0
"121","Altar",2020-04-26,17,0,0
"122","Altar",2020-05-03,18,0,0
"123","Altar",2020-05-10,19,1,1
"124","Altar",2020-05-17,20,0,1
"125","Altar",2020-05-24,21,0,1
"126","Altar",2020-05-31,22,0,1
"127","Altar",2020-06-07,23,0,1
"128","Altar",2020-06-14,24,0,1
"129","Altar",2020-06-21,25,1,2
"130","Altar",2020-06-28,26,0,2
"131","Altar",2020-07-05,27,0,2
"132","Altar",2020-07-12,28,0,2
"133","Altar",2020-07-19,29,1,3
"134","Altar",2020-07-26,30,0,3
"135","Altar",2020-08-02,31,0,3
"136","Altar",2020-08-09,32,0,3
"137","Altar",2020-08-16,33,0,3
"138","Altar",2020-08-23,34,0,3
"139","Altar",2020-08-30,35,0,3
"140","Altar",2020-09-06,36,0,3
"141","Altar",2020-09-13,37,1,4
"142","Altar",2020-09-20,38,0,4
"143","Altar",2020-09-27,39,0,4
"144","Altar",2020-10-04,40,0,4
"145","Altar",2020-10-11,41,0,4
"146","Altar",2020-10-18,42,0,4
"147","Altar",2020-10-25,43,0,4
"148","Altar",2020-11-01,44,0,4
"149","Altar",2020-11-08,45,0,4
"150","Altar",2020-11-15,46,0,4
"151","Altar",2020-11-22,47,0,4
"152","Altar",2020-11-29,48,0,4
"153","Altar",2020-12-06,49,0,4
"154","Altar",2020-12-13,50,0,4
"155","Altar",2020-12-20,51,0,4
"156","Altar",2020-12-27,52,0,4
"157","Arivechi",2020-04-05,14,0,0
"158","Arivechi",2020-04-12,15,0,0
"159","Arivechi",2020-04-19,16,0,0
"160","Arivechi",2020-04-26,17,0,0
"161","Arivechi",2020-05-03,18,0,0
"162","Arivechi",2020-05-10,19,0,0
"163","Arivechi",2020-05-17,20,0,0
"164","Arivechi",2020-05-24,21,0,0
"165","Arivechi",2020-05-31,22,0,0
"166","Arivechi",2020-06-07,23,0,0
"167","Arivechi",2020-06-14,24,0,0
"168","Arivechi",2020-06-21,25,0,0
"169","Arivechi",2020-06-28,26,0,0
"170","Arivechi",2020-07-05,27,0,0
"171","Arivechi",2020-07-12,28,0,0
"172","Arivechi",2020-07-19,29,0,0
"173","Arivechi",2020-07-26,30,0,0
"174","Arivechi",2020-08-02,31,0,0
"175","Arivechi",2020-08-09,32,0,0
"176","Arivechi",2020-08-16,33,0,0
"177","Arivechi",2020-08-23,34,0,0
"178","Arivechi",2020-08-30,35,0,0
"179","Arivechi",2020-09-06,36,0,0
"180","Arivechi",2020-09-13,37,0,0
"181","Arivechi",2020-09-20,38,0,0
"182","Arivechi",2020-09-27,39,0,0
"183","Arivechi",2020-10-04,40,0,0
"184","Arivechi",2020-10-11,41,0,0
"185","Arivechi",2020-10-18,42,0,0
"186","Arivechi",2020-10-25,43,0,0
"187","Arivechi",2020-11-01,44,0,0
"188","Arivechi",2020-11-08,45,0,0
"189","Arivechi",2020-11-15,46,0,0
"190","Arivechi",2020-11-22,47,0,0
"191","Arivechi",2020-11-29,48,0,0
"192","Arivechi",2020-12-06,49,0,0
"193","Arivechi",2020-12-13,50,1,1
"194","Arivechi",2020-12-20,51,0,1
"195","Arivechi",2020-12-27,52,0,1
"196","Arizpe",2020-04-05,14,0,0
"197","Arizpe",2020-04-12,15,0,0
"198","Arizpe",2020-04-19,16,0,0
"199","Arizpe",2020-04-26,17,0,0
"200","Arizpe",2020-05-03,18,0,0
"201","Arizpe",2020-05-10,19,0,0
"202","Arizpe",2020-05-17,20,0,0
"203","Arizpe",2020-05-24,21,0,0
"204","Arizpe",2020-05-31,22,0,0
"205","Arizpe",2020-06-07,23,0,0
"206","Arizpe",2020-06-14,24,0,0
"207","Arizpe",2020-06-21,25,0,0
"208","Arizpe",2020-06-28,26,0,0
"209","Arizpe",2020-07-05,27,0,0
"210","Arizpe",2020-07-12,28,0,0
"211","Arizpe",2020-07-19,29,0,0
"212","Arizpe",2020-07-26,30,1,1
"213","Arizpe",2020-08-02,31,0,1
"214","Arizpe",2020-08-09,32,0,1
"215","Arizpe",2020-08-16,33,0,1
"216","Arizpe",2020-08-23,34,0,1
"217","Arizpe",2020-08-30,35,0,1
"218","Arizpe",2020-09-06,36,0,1
"219","Arizpe",2020-09-13,37,0,1
"220","Arizpe",2020-09-20,38,0,1
"221","Arizpe",2020-09-27,39,0,1
"222","Arizpe",2020-10-04,40,0,1
"223","Arizpe",2020-10-11,41,0,1
"224","Arizpe",2020-10-18,42,0,1
"225","Arizpe",2020-10-25,43,0,1
"226","Arizpe",2020-11-01,44,0,1
"227","Arizpe",2020-11-08,45,0,1
"228","Arizpe",2020-11-15,46,0,1
"229","Arizpe",2020-11-22,47,0,1
"230","Arizpe",2020-11-29,48,0,1
"231","Arizpe",2020-12-06,49,0,1
"232","Arizpe",2020-12-13,50,0,1
"233","Arizpe",2020-12-20,51,0,1
"234","Arizpe",2020-12-27,52,0,1
"235","Bacoachi",2020-04-05,14,0,0
"236","Bacoachi",2020-04-12,15,0,0
"237","Bacoachi",2020-04-19,16,0,0
"238","Bacoachi",2020-04-26,17,0,0
"239","Bacoachi",2020-05-03,18,0,0
"240","Bacoachi",2020-05-10,19,0,0
"241","Bacoachi",2020-05-17,20,0,0
"242","Bacoachi",2020-05-24,21,0,0
"243","Bacoachi",2020-05-31,22,0,0
"244","Bacoachi",2020-06-07,23,0,0
"245","Bacoachi",2020-06-14,24,0,0
"246","Bacoachi",2020-06-21,25,1,1
"247","Bacoachi",2020-06-28,26,0,1
"248","Bacoachi",2020-07-05,27,0,1
"249","Bacoachi",2020-07-12,28,0,1
"250","Bacoachi",2020-07-19,29,0,1
"251","Bacoachi",2020-07-26,30,0,1
"252","Bacoachi",2020-08-02,31,0,1
"253","Bacoachi",2020-08-09,32,1,2
"254","Bacoachi",2020-08-16,33,0,2
"255","Bacoachi",2020-08-23,34,0,2
"256","Bacoachi",2020-08-30,35,0,2
"257","Bacoachi",2020-09-06,36,0,2
"258","Bacoachi",2020-09-13,37,0,2
"259","Bacoachi",2020-09-20,38,0,2
"260","Bacoachi",2020-09-27,39,1,3
"261","Bacoachi",2020-10-04,40,0,3
"262","Bacoachi",2020-10-11,41,0,3
"263","Bacoachi",2020-10-18,42,0,3
"264","Bacoachi",2020-10-25,43,0,3
"265","Bacoachi",2020-11-01,44,0,3
"266","Bacoachi",2020-11-08,45,0,3
"267","Bacoachi",2020-11-15,46,0,3
"268","Bacoachi",2020-11-22,47,0,3
"269","Bacoachi",2020-11-29,48,0,3
"270","Bacoachi",2020-12-06,49,0,3
"271","Bacoachi",2020-12-13,50,0,3
"272","Bacoachi",2020-12-20,51,0,3
"273","Bacoachi",2020-12-27,52,0,3
"274","Bácum",2020-04-05,14,0,0
"275","Bácum",2020-04-12,15,0,0
"276","Bácum",2020-04-19,16,0,0
"277","Bácum",2020-04-26,17,0,0
"278","Bácum",2020-05-03,18,0,0
"279","Bácum",2020-05-10,19,0,0
"280","Bácum",2020-05-17,20,0,0
"281","Bácum",2020-05-24,21,0,0
"282","Bácum",2020-05-31,22,0,0
"283","Bácum",2020-06-07,23,0,0
"284","Bácum",2020-06-14,24,1,1
"285","Bácum",2020-06-21,25,0,1
"286","Bácum",2020-06-28,26,1,2
"287","Bácum",2020-07-05,27,0,2
"288","Bácum",2020-07-12,28,2,4
"289","Bácum",2020-07-19,29,0,4
"290","Bácum",2020-07-26,30,4,8
"291","Bácum",2020-08-02,31,3,11
"292","Bácum",2020-08-09,32,3,14
"293","Bácum",2020-08-16,33,2,16
"294","Bácum",2020-08-23,34,2,18
"295","Bácum",2020-08-30,35,1,19
"296","Bácum",2020-09-06,36,0,19
"297","Bácum",2020-09-13,37,1,20
"298","Bácum",2020-09-20,38,0,20
"299","Bácum",2020-09-27,39,1,21
"300","Bácum",2020-10-04,40,1,22
"301","Bácum",2020-10-11,41,0,22
"302","Bácum",2020-10-18,42,0,22
"303","Bácum",2020-10-25,43,0,22
"304","Bácum",2020-11-01,44,3,25
"305","Bácum",2020-11-08,45,0,25
"306","Bácum",2020-11-15,46,0,25
"307","Bácum",2020-11-22,47,0,25
"308","Bácum",2020-11-29,48,0,25
"309","Bácum",2020-12-06,49,1,26
"310","Bácum",2020-12-13,50,1,27
"311","Bácum",2020-12-20,51,0,27
"312","Bácum",2020-12-27,52,0,27
"313","Banámichi",2020-04-05,14,0,0
"314","Banámichi",2020-04-12,15,0,0
"315","Banámichi",2020-04-19,16,0,0
"316","Banámichi",2020-04-26,17,0,0
"317","Banámichi",2020-05-03,18,0,0
"318","Banámichi",2020-05-10,19,0,0
"319","Banámichi",2020-05-17,20,0,0
"320","Banámichi",2020-05-24,21,0,0
"321","Banámichi",2020-05-31,22,0,0
"322","Banámichi",2020-06-07,23,0,0
"323","Banámichi",2020-06-14,24,0,0
"324","Banámichi",2020-06-21,25,0,0
"325","Banámichi",2020-06-28,26,0,0
"326","Banámichi",2020-07-05,27,0,0
"327","Banámichi",2020-07-12,28,0,0
"328","Banámichi",2020-07-19,29,0,0
"329","Banámichi",2020-07-26,30,0,0
"330","Banámichi",2020-08-02,31,0,0
"331","Banámichi",2020-08-09,32,0,0
"332","Banámichi",2020-08-16,33,0,0
"333","Banámichi",2020-08-23,34,0,0
"334","Banámichi",2020-08-30,35,0,0
"335","Banámichi",2020-09-06,36,0,0
"336","Banámichi",2020-09-13,37,0,0
"337","Banámichi",2020-09-20,38,0,0
"338","Banámichi",2020-09-27,39,0,0
"339","Banámichi",2020-10-04,40,0,0
"340","Banámichi",2020-10-11,41,0,0
"341","Banámichi",2020-10-18,42,0,0
"342","Banámichi",2020-10-25,43,0,0
"343","Banámichi",2020-11-01,44,0,0
"344","Banámichi",2020-11-08,45,0,0
"345","Banámichi",2020-11-15,46,0,0
"346","Banámichi",2020-11-22,47,0,0
"347","Banámichi",2020-11-29,48,0,0
"348","Banámichi",2020-12-06,49,1,1
"349","Banámichi",2020-12-13,50,0,1
"350","Banámichi",2020-12-20,51,0,1
"351","Banámichi",2020-12-27,52,0,1
"352","Baviácora",2020-04-05,14,0,0
"353","Baviácora",2020-04-12,15,0,0
"354","Baviácora",2020-04-19,16,0,0
"355","Baviácora",2020-04-26,17,0,0
"356","Baviácora",2020-05-03,18,0,0
"357","Baviácora",2020-05-10,19,0,0
"358","Baviácora",2020-05-17,20,0,0
"359","Baviácora",2020-05-24,21,0,0
"360","Baviácora",2020-05-31,22,0,0
"361","Baviácora",2020-06-07,23,0,0
"362","Baviácora",2020-06-14,24,0,0
"363","Baviácora",2020-06-21,25,0,0
"364","Baviácora",2020-06-28,26,0,0
"365","Baviácora",2020-07-05,27,0,0
"366","Baviácora",2020-07-12,28,0,0
"367","Baviácora",2020-07-19,29,0,0
"368","Baviácora",2020-07-26,30,0,0
"369","Baviácora",2020-08-02,31,0,0
"370","Baviácora",2020-08-09,32,1,1
"371","Baviácora",2020-08-16,33,0,1
"372","Baviácora",2020-08-23,34,0,1
"373","Baviácora",2020-08-30,35,0,1
"374","Baviácora",2020-09-06,36,0,1
"375","Baviácora",2020-09-13,37,0,1
"376","Baviácora",2020-09-20,38,0,1
"377","Baviácora",2020-09-27,39,0,1
"378","Baviácora",2020-10-04,40,0,1
"379","Baviácora",2020-10-11,41,0,1
"380","Baviácora",2020-10-18,42,0,1
"381","Baviácora",2020-10-25,43,0,1
"382","Baviácora",2020-11-01,44,0,1
"383","Baviácora",2020-11-08,45,0,1
"384","Baviácora",2020-11-15,46,0,1
"385","Baviácora",2020-11-22,47,0,1
"386","Baviácora",2020-11-29,48,0,1
"387","Baviácora",2020-12-06,49,0,1
"388","Baviácora",2020-12-13,50,1,2
"389","Baviácora",2020-12-20,51,0,2
"390","Baviácora",2020-12-27,52,0,2
"391","Bavispe",2020-04-05,14,0,0
"392","Bavispe",2020-04-12,15,0,0
"393","Bavispe",2020-04-19,16,0,0
"394","Bavispe",2020-04-26,17,0,0
"395","Bavispe",2020-05-03,18,0,0
"396","Bavispe",2020-05-10,19,0,0
"397","Bavispe",2020-05-17,20,0,0
"398","Bavispe",2020-05-24,21,0,0
"399","Bavispe",2020-05-31,22,0,0
"400","Bavispe",2020-06-07,23,0,0
"401","Bavispe",2020-06-14,24,0,0
"402","Bavispe",2020-06-21,25,0,0
"403","Bavispe",2020-06-28,26,0,0
"404","Bavispe",2020-07-05,27,0,0
"405","Bavispe",2020-07-12,28,0,0
"406","Bavispe",2020-07-19,29,0,0
"407","Bavispe",2020-07-26,30,1,1
"408","Bavispe",2020-08-02,31,0,1
"409","Bavispe",2020-08-09,32,0,1
"410","Bavispe",2020-08-16,33,0,1
"411","Bavispe",2020-08-23,34,0,1
"412","Bavispe",2020-08-30,35,0,1
"413","Bavispe",2020-09-06,36,0,1
"414","Bavispe",2020-09-13,37,0,1
"415","Bavispe",2020-09-20,38,0,1
"416","Bavispe",2020-09-27,39,0,1
"417","Bavispe",2020-10-04,40,0,1
"418","Bavispe",2020-10-11,41,0,1
"419","Bavispe",2020-10-18,42,0,1
"420","Bavispe",2020-10-25,43,0,1
"421","Bavispe",2020-11-01,44,0,1
"422","Bavispe",2020-11-08,45,0,1
"423","Bavispe",2020-11-15,46,0,1
"424","Bavispe",2020-11-22,47,0,1
"425","Bavispe",2020-11-29,48,0,1
"426","Bavispe",2020-12-06,49,0,1
"427","Bavispe",2020-12-13,50,1,2
"428","Bavispe",2020-12-20,51,0,2
"429","Bavispe",2020-12-27,52,0,2
"430","Benito Juárez",2020-04-05,14,0,0
"431","Benito Juárez",2020-04-12,15,0,0
"432","Benito Juárez",2020-04-19,16,0,0
"433","Benito Juárez",2020-04-26,17,0,0
"434","Benito Juárez",2020-05-03,18,0,0
"435","Benito Juárez",2020-05-10,19,0,0
"436","Benito Juárez",2020-05-17,20,0,0
"437","Benito Juárez",2020-05-24,21,1,1
"438","Benito Juárez",2020-05-31,22,0,1
"439","Benito Juárez",2020-06-07,23,1,2
"440","Benito Juárez",2020-06-14,24,4,6
"441","Benito Juárez",2020-06-21,25,1,7
"442","Benito Juárez",2020-06-28,26,1,8
"443","Benito Juárez",2020-07-05,27,0,8
"444","Benito Juárez",2020-07-12,28,3,11
"445","Benito Juárez",2020-07-19,29,1,12
"446","Benito Juárez",2020-07-26,30,6,18
"447","Benito Juárez",2020-08-02,31,0,18
"448","Benito Juárez",2020-08-09,32,2,20
"449","Benito Juárez",2020-08-16,33,5,25
"450","Benito Juárez",2020-08-23,34,0,25
"451","Benito Juárez",2020-08-30,35,1,26
"452","Benito Juárez",2020-09-06,36,0,26
"453","Benito Juárez",2020-09-13,37,0,26
"454","Benito Juárez",2020-09-20,38,0,26
"455","Benito Juárez",2020-09-27,39,2,28
"456","Benito Juárez",2020-10-04,40,0,28
"457","Benito Juárez",2020-10-11,41,0,28
"458","Benito Juárez",2020-10-18,42,0,28
"459","Benito Juárez",2020-10-25,43,0,28
"460","Benito Juárez",2020-11-01,44,0,28
"461","Benito Juárez",2020-11-08,45,0,28
"462","Benito Juárez",2020-11-15,46,0,28
"463","Benito Juárez",2020-11-22,47,0,28
"464","Benito Juárez",2020-11-29,48,0,28
"465","Benito Juárez",2020-12-06,49,0,28
"466","Benito Juárez",2020-12-13,50,0,28
"467","Benito Juárez",2020-12-20,51,1,29
"468","Benito Juárez",2020-12-27,52,0,29
"469","Benjamín Hill",2020-04-05,14,0,0
"470","Benjamín Hill",2020-04-12,15,0,0
"471","Benjamín Hill",2020-04-19,16,0,0
"472","Benjamín Hill",2020-04-26,17,0,0
"473","Benjamín Hill",2020-05-03,18,0,0
"474","Benjamín Hill",2020-05-10,19,0,0
"475","Benjamín Hill",2020-05-17,20,0,0
"476","Benjamín Hill",2020-05-24,21,0,0
"477","Benjamín Hill",2020-05-31,22,0,0
"478","Benjamín Hill",2020-06-07,23,0,0
"479","Benjamín Hill",2020-06-14,24,0,0
"480","Benjamín Hill",2020-06-21,25,0,0
"481","Benjamín Hill",2020-06-28,26,1,1
"482","Benjamín Hill",2020-07-05,27,0,1
"483","Benjamín Hill",2020-07-12,28,0,1
"484","Benjamín Hill",2020-07-19,29,0,1
"485","Benjamín Hill",2020-07-26,30,0,1
"486","Benjamín Hill",2020-08-02,31,0,1
"487","Benjamín Hill",2020-08-09,32,0,1
"488","Benjamín Hill",2020-08-16,33,0,1
"489","Benjamín Hill",2020-08-23,34,0,1
"490","Benjamín Hill",2020-08-30,35,0,1
"491","Benjamín Hill",2020-09-06,36,0,1
"492","Benjamín Hill",2020-09-13,37,0,1
"493","Benjamín Hill",2020-09-20,38,0,1
"494","Benjamín Hill",2020-09-27,39,0,1
"495","Benjamín Hill",2020-10-04,40,0,1
"496","Benjamín Hill",2020-10-11,41,0,1
"497","Benjamín Hill",2020-10-18,42,0,1
"498","Benjamín Hill",2020-10-25,43,0,1
"499","Benjamín Hill",2020-11-01,44,0,1
"500","Benjamín Hill",2020-11-08,45,0,1
"501","Benjamín Hill",2020-11-15,46,1,2
"502","Benjamín Hill",2020-11-22,47,0,2
"503","Benjamín Hill",2020-11-29,48,1,3
"504","Benjamín Hill",2020-12-06,49,0,3
"505","Benjamín Hill",2020-12-13,50,0,3
"506","Benjamín Hill",2020-12-20,51,1,4
"507","Benjamín Hill",2020-12-27,52,0,4
"508","Caborca",2020-04-05,14,0,0
"509","Caborca",2020-04-12,15,0,0
"510","Caborca",2020-04-19,16,1,1
"511","Caborca",2020-04-26,17,1,2
"512","Caborca",2020-05-03,18,1,3
"513","Caborca",2020-05-10,19,0,3
"514","Caborca",2020-05-17,20,2,5
"515","Caborca",2020-05-24,21,2,7
"516","Caborca",2020-05-31,22,3,10
"517","Caborca",2020-06-07,23,1,11
"518","Caborca",2020-06-14,24,2,13
"519","Caborca",2020-06-21,25,5,18
"520","Caborca",2020-06-28,26,5,23
"521","Caborca",2020-07-05,27,1,24
"522","Caborca",2020-07-12,28,1,25
"523","Caborca",2020-07-19,29,6,31
"524","Caborca",2020-07-26,30,8,39
"525","Caborca",2020-08-02,31,12,51
"526","Caborca",2020-08-09,32,2,53
"527","Caborca",2020-08-16,33,3,56
"528","Caborca",2020-08-23,34,2,58
"529","Caborca",2020-08-30,35,2,60
"530","Caborca",2020-09-06,36,2,62
"531","Caborca",2020-09-13,37,0,62
"532","Caborca",2020-09-20,38,1,63
"533","Caborca",2020-09-27,39,0,63
"534","Caborca",2020-10-04,40,3,66
"535","Caborca",2020-10-11,41,6,72
"536","Caborca",2020-10-18,42,4,76
"537","Caborca",2020-10-25,43,2,78
"538","Caborca",2020-11-01,44,2,80
"539","Caborca",2020-11-08,45,0,80
"540","Caborca",2020-11-15,46,0,80
"541","Caborca",2020-11-22,47,1,81
"542","Caborca",2020-11-29,48,0,81
"543","Caborca",2020-12-06,49,0,81
"544","Caborca",2020-12-13,50,1,82
"545","Caborca",2020-12-20,51,3,85
"546","Caborca",2020-12-27,52,1,86
"547","Cajeme",2020-04-05,14,0,0
"548","Cajeme",2020-04-12,15,1,1
"549","Cajeme",2020-04-19,16,0,1
"550","Cajeme",2020-04-26,17,0,1
"551","Cajeme",2020-05-03,18,1,2
"552","Cajeme",2020-05-10,19,1,3
"553","Cajeme",2020-05-17,20,4,7
"554","Cajeme",2020-05-24,21,15,22
"555","Cajeme",2020-05-31,22,18,40
"556","Cajeme",2020-06-07,23,14,54
"557","Cajeme",2020-06-14,24,40,94
"558","Cajeme",2020-06-21,25,54,148
"559","Cajeme",2020-06-28,26,83,231
"560","Cajeme",2020-07-05,27,62,293
"561","Cajeme",2020-07-12,28,69,362
"562","Cajeme",2020-07-19,29,43,405
"563","Cajeme",2020-07-26,30,23,428
"564","Cajeme",2020-08-02,31,55,483
"565","Cajeme",2020-08-09,32,23,506
"566","Cajeme",2020-08-16,33,42,548
"567","Cajeme",2020-08-23,34,12,560
"568","Cajeme",2020-08-30,35,10,570
"569","Cajeme",2020-09-06,36,9,579
"570","Cajeme",2020-09-13,37,6,585
"571","Cajeme",2020-09-20,38,5,590
"572","Cajeme",2020-09-27,39,16,606
"573","Cajeme",2020-10-04,40,3,609
"574","Cajeme",2020-10-11,41,6,615
"575","Cajeme",2020-10-18,42,5,620
"576","Cajeme",2020-10-25,43,10,630
"577","Cajeme",2020-11-01,44,5,635
"578","Cajeme",2020-11-08,45,4,639
"579","Cajeme",2020-11-15,46,7,646
"580","Cajeme",2020-11-22,47,6,652
"581","Cajeme",2020-11-29,48,9,661
"582","Cajeme",2020-12-06,49,8,669
"583","Cajeme",2020-12-13,50,12,681
"584","Cajeme",2020-12-20,51,13,694
"585","Cajeme",2020-12-27,52,22,716
"586","Cananea",2020-04-05,14,0,0
"587","Cananea",2020-04-12,15,0,0
"588","Cananea",2020-04-19,16,0,0
"589","Cananea",2020-04-26,17,0,0
"590","Cananea",2020-05-03,18,0,0
"591","Cananea",2020-05-10,19,0,0
"592","Cananea",2020-05-17,20,0,0
"593","Cananea",2020-05-24,21,0,0
"594","Cananea",2020-05-31,22,0,0
"595","Cananea",2020-06-07,23,0,0
"596","Cananea",2020-06-14,24,2,2
"597","Cananea",2020-06-21,25,1,3
"598","Cananea",2020-06-28,26,2,5
"599","Cananea",2020-07-05,27,3,8
"600","Cananea",2020-07-12,28,0,8
"601","Cananea",2020-07-19,29,0,8
"602","Cananea",2020-07-26,30,1,9
"603","Cananea",2020-08-02,31,0,9
"604","Cananea",2020-08-09,32,5,14
"605","Cananea",2020-08-16,33,1,15
"606","Cananea",2020-08-23,34,3,18
"607","Cananea",2020-08-30,35,1,19
"608","Cananea",2020-09-06,36,0,19
"609","Cananea",2020-09-13,37,0,19
"610","Cananea",2020-09-20,38,0,19
"611","Cananea",2020-09-27,39,0,19
"612","Cananea",2020-10-04,40,2,21
"613","Cananea",2020-10-11,41,1,22
"614","Cananea",2020-10-18,42,0,22
"615","Cananea",2020-10-25,43,0,22
"616","Cananea",2020-11-01,44,2,24
"617","Cananea",2020-11-08,45,2,26
"618","Cananea",2020-11-15,46,4,30
"619","Cananea",2020-11-22,47,3,33
"620","Cananea",2020-11-29,48,4,37
"621","Cananea",2020-12-06,49,6,43
"622","Cananea",2020-12-13,50,2,45
"623","Cananea",2020-12-20,51,3,48
"624","Cananea",2020-12-27,52,3,51
"625","Carbó",2020-04-05,14,0,0
"626","Carbó",2020-04-12,15,0,0
"627","Carbó",2020-04-19,16,0,0
"628","Carbó",2020-04-26,17,0,0
"629","Carbó",2020-05-03,18,0,0
"630","Carbó",2020-05-10,19,0,0
"631","Carbó",2020-05-17,20,0,0
"632","Carbó",2020-05-24,21,0,0
"633","Carbó",2020-05-31,22,0,0
"634","Carbó",2020-06-07,23,0,0
"635","Carbó",2020-06-14,24,1,1
"636","Carbó",2020-06-21,25,0,1
"637","Carbó",2020-06-28,26,0,1
"638","Carbó",2020-07-05,27,0,1
"639","Carbó",2020-07-12,28,0,1
"640","Carbó",2020-07-19,29,0,1
"641","Carbó",2020-07-26,30,0,1
"642","Carbó",2020-08-02,31,0,1
"643","Carbó",2020-08-09,32,0,1
"644","Carbó",2020-08-16,33,0,1
"645","Carbó",2020-08-23,34,0,1
"646","Carbó",2020-08-30,35,0,1
"647","Carbó",2020-09-06,36,0,1
"648","Carbó",2020-09-13,37,0,1
"649","Carbó",2020-09-20,38,1,2
"650","Carbó",2020-09-27,39,0,2
"651","Carbó",2020-10-04,40,0,2
"652","Carbó",2020-10-11,41,0,2
"653","Carbó",2020-10-18,42,0,2
"654","Carbó",2020-10-25,43,0,2
"655","Carbó",2020-11-01,44,0,2
"656","Carbó",2020-11-08,45,0,2
"657","Carbó",2020-11-15,46,0,2
"658","Carbó",2020-11-22,47,0,2
"659","Carbó",2020-11-29,48,0,2
"660","Carbó",2020-12-06,49,0,2
"661","Carbó",2020-12-13,50,0,2
"662","Carbó",2020-12-20,51,0,2
"663","Carbó",2020-12-27,52,0,2
"664","Cumpas",2020-04-05,14,0,0
"665","Cumpas",2020-04-12,15,0,0
"666","Cumpas",2020-04-19,16,0,0
"667","Cumpas",2020-04-26,17,0,0
"668","Cumpas",2020-05-03,18,0,0
"669","Cumpas",2020-05-10,19,0,0
"670","Cumpas",2020-05-17,20,1,1
"671","Cumpas",2020-05-24,21,0,1
"672","Cumpas",2020-05-31,22,0,1
"673","Cumpas",2020-06-07,23,0,1
"674","Cumpas",2020-06-14,24,0,1
"675","Cumpas",2020-06-21,25,0,1
"676","Cumpas",2020-06-28,26,1,2
"677","Cumpas",2020-07-05,27,0,2
"678","Cumpas",2020-07-12,28,0,2
"679","Cumpas",2020-07-19,29,0,2
"680","Cumpas",2020-07-26,30,0,2
"681","Cumpas",2020-08-02,31,1,3
"682","Cumpas",2020-08-09,32,0,3
"683","Cumpas",2020-08-16,33,0,3
"684","Cumpas",2020-08-23,34,0,3
"685","Cumpas",2020-08-30,35,0,3
"686","Cumpas",2020-09-06,36,0,3
"687","Cumpas",2020-09-13,37,0,3
"688","Cumpas",2020-09-20,38,0,3
"689","Cumpas",2020-09-27,39,0,3
"690","Cumpas",2020-10-04,40,0,3
"691","Cumpas",2020-10-11,41,0,3
"692","Cumpas",2020-10-18,42,0,3
"693","Cumpas",2020-10-25,43,1,4
"694","Cumpas",2020-11-01,44,1,5
"695","Cumpas",2020-11-08,45,0,5
"696","Cumpas",2020-11-15,46,1,6
"697","Cumpas",2020-11-22,47,0,6
"698","Cumpas",2020-11-29,48,3,9
"699","Cumpas",2020-12-06,49,0,9
"700","Cumpas",2020-12-13,50,1,10
"701","Cumpas",2020-12-20,51,1,11
"702","Cumpas",2020-12-27,52,0,11
"703","Empalme",2020-04-05,14,0,0
"704","Empalme",2020-04-12,15,0,0
"705","Empalme",2020-04-19,16,0,0
"706","Empalme",2020-04-26,17,0,0
"707","Empalme",2020-05-03,18,0,0
"708","Empalme",2020-05-10,19,0,0
"709","Empalme",2020-05-17,20,0,0
"710","Empalme",2020-05-24,21,0,0
"711","Empalme",2020-05-31,22,0,0
"712","Empalme",2020-06-07,23,1,1
"713","Empalme",2020-06-14,24,0,1
"714","Empalme",2020-06-21,25,0,1
"715","Empalme",2020-06-28,26,1,2
"716","Empalme",2020-07-05,27,7,9
"717","Empalme",2020-07-12,28,5,14
"718","Empalme",2020-07-19,29,8,22
"719","Empalme",2020-07-26,30,7,29
"720","Empalme",2020-08-02,31,5,34
"721","Empalme",2020-08-09,32,9,43
"722","Empalme",2020-08-16,33,5,48
"723","Empalme",2020-08-23,34,2,50
"724","Empalme",2020-08-30,35,5,55
"725","Empalme",2020-09-06,36,0,55
"726","Empalme",2020-09-13,37,1,56
"727","Empalme",2020-09-20,38,0,56
"728","Empalme",2020-09-27,39,0,56
"729","Empalme",2020-10-04,40,0,56
"730","Empalme",2020-10-11,41,1,57
"731","Empalme",2020-10-18,42,0,57
"732","Empalme",2020-10-25,43,2,59
"733","Empalme",2020-11-01,44,0,59
"734","Empalme",2020-11-08,45,0,59
"735","Empalme",2020-11-15,46,1,60
"736","Empalme",2020-11-22,47,0,60
"737","Empalme",2020-11-29,48,0,60
"738","Empalme",2020-12-06,49,1,61
"739","Empalme",2020-12-13,50,2,63
"740","Empalme",2020-12-20,51,2,65
"741","Empalme",2020-12-27,52,1,66
"742","Etchojoa",2020-04-05,14,0,0
"743","Etchojoa",2020-04-12,15,0,0
"744","Etchojoa",2020-04-19,16,0,0
"745","Etchojoa",2020-04-26,17,0,0
"746","Etchojoa",2020-05-03,18,0,0
"747","Etchojoa",2020-05-10,19,0,0
"748","Etchojoa",2020-05-17,20,0,0
"749","Etchojoa",2020-05-24,21,2,2
"750","Etchojoa",2020-05-31,22,0,2
"751","Etchojoa",2020-06-07,23,1,3
"752","Etchojoa",2020-06-14,24,1,4
"753","Etchojoa",2020-06-21,25,4,8
"754","Etchojoa",2020-06-28,26,4,12
"755","Etchojoa",2020-07-05,27,3,15
"756","Etchojoa",2020-07-12,28,1,16
"757","Etchojoa",2020-07-19,29,2,18
"758","Etchojoa",2020-07-26,30,6,24
"759","Etchojoa",2020-08-02,31,3,27
"760","Etchojoa",2020-08-09,32,0,27
"761","Etchojoa",2020-08-16,33,4,31
"762","Etchojoa",2020-08-23,34,3,34
"763","Etchojoa",2020-08-30,35,0,34
"764","Etchojoa",2020-09-06,36,1,35
"765","Etchojoa",2020-09-13,37,3,38
"766","Etchojoa",2020-09-20,38,0,38
"767","Etchojoa",2020-09-27,39,2,40
"768","Etchojoa",2020-10-04,40,1,41
"769","Etchojoa",2020-10-11,41,2,43
"770","Etchojoa",2020-10-18,42,0,43
"771","Etchojoa",2020-10-25,43,3,46
"772","Etchojoa",2020-11-01,44,1,47
"773","Etchojoa",2020-11-08,45,0,47
"774","Etchojoa",2020-11-15,46,1,48
"775","Etchojoa",2020-11-22,47,0,48
"776","Etchojoa",2020-11-29,48,1,49
"777","Etchojoa",2020-12-06,49,1,50
"778","Etchojoa",2020-12-13,50,0,50
"779","Etchojoa",2020-12-20,51,1,51
"780","Etchojoa",2020-12-27,52,0,51
"781","Fronteras",2020-04-05,14,0,0
"782","Fronteras",2020-04-12,15,0,0
"783","Fronteras",2020-04-19,16,0,0
"784","Fronteras",2020-04-26,17,0,0
"785","Fronteras",2020-05-03,18,0,0
"786","Fronteras",2020-05-10,19,0,0
"787","Fronteras",2020-05-17,20,0,0
"788","Fronteras",2020-05-24,21,0,0
"789","Fronteras",2020-05-31,22,0,0
"790","Fronteras",2020-06-07,23,0,0
"791","Fronteras",2020-06-14,24,1,1
"792","Fronteras",2020-06-21,25,0,1
"793","Fronteras",2020-06-28,26,1,2
"794","Fronteras",2020-07-05,27,0,2
"795","Fronteras",2020-07-12,28,1,3
"796","Fronteras",2020-07-19,29,0,3
"797","Fronteras",2020-07-26,30,0,3
"798","Fronteras",2020-08-02,31,0,3
"799","Fronteras",2020-08-09,32,0,3
"800","Fronteras",2020-08-16,33,0,3
"801","Fronteras",2020-08-23,34,1,4
"802","Fronteras",2020-08-30,35,0,4
"803","Fronteras",2020-09-06,36,0,4
"804","Fronteras",2020-09-13,37,0,4
"805","Fronteras",2020-09-20,38,0,4
"806","Fronteras",2020-09-27,39,0,4
"807","Fronteras",2020-10-04,40,0,4
"808","Fronteras",2020-10-11,41,1,5
"809","Fronteras",2020-10-18,42,0,5
"810","Fronteras",2020-10-25,43,0,5
"811","Fronteras",2020-11-01,44,0,5
"812","Fronteras",2020-11-08,45,0,5
"813","Fronteras",2020-11-15,46,2,7
"814","Fronteras",2020-11-22,47,0,7
"815","Fronteras",2020-11-29,48,3,10
"816","Fronteras",2020-12-06,49,0,10
"817","Fronteras",2020-12-13,50,0,10
"818","Fronteras",2020-12-20,51,1,11
"819","Fronteras",2020-12-27,52,0,11
"820","General Plutarco Elías Calles",2020-04-05,14,0,0
"821","General Plutarco Elías Calles",2020-04-12,15,0,0
"822","General Plutarco Elías Calles",2020-04-19,16,0,0
"823","General Plutarco Elías Calles",2020-04-26,17,0,0
"824","General Plutarco Elías Calles",2020-05-03,18,0,0
"825","General Plutarco Elías Calles",2020-05-10,19,0,0
"826","General Plutarco Elías Calles",2020-05-17,20,0,0
"827","General Plutarco Elías Calles",2020-05-24,21,0,0
"828","General Plutarco Elías Calles",2020-05-31,22,1,1
"829","General Plutarco Elías Calles",2020-06-07,23,0,1
"830","General Plutarco Elías Calles",2020-06-14,24,1,2
"831","General Plutarco Elías Calles",2020-06-21,25,0,2
"832","General Plutarco Elías Calles",2020-06-28,26,1,3
"833","General Plutarco Elías Calles",2020-07-05,27,1,4
"834","General Plutarco Elías Calles",2020-07-12,28,2,6
"835","General Plutarco Elías Calles",2020-07-19,29,0,6
"836","General Plutarco Elías Calles",2020-07-26,30,1,7
"837","General Plutarco Elías Calles",2020-08-02,31,1,8
"838","General Plutarco Elías Calles",2020-08-09,32,0,8
"839","General Plutarco Elías Calles",2020-08-16,33,1,9
"840","General Plutarco Elías Calles",2020-08-23,34,0,9
"841","General Plutarco Elías Calles",2020-08-30,35,0,9
"842","General Plutarco Elías Calles",2020-09-06,36,1,10
"843","General Plutarco Elías Calles",2020-09-13,37,0,10
"844","General Plutarco Elías Calles",2020-09-20,38,0,10
"845","General Plutarco Elías Calles",2020-09-27,39,1,11
"846","General Plutarco Elías Calles",2020-10-04,40,0,11
"847","General Plutarco Elías Calles",2020-10-11,41,0,11
"848","General Plutarco Elías Calles",2020-10-18,42,0,11
"849","General Plutarco Elías Calles",2020-10-25,43,0,11
"850","General Plutarco Elías Calles",2020-11-01,44,0,11
"851","General Plutarco Elías Calles",2020-11-08,45,0,11
"852","General Plutarco Elías Calles",2020-11-15,46,0,11
"853","General Plutarco Elías Calles",2020-11-22,47,0,11
"854","General Plutarco Elías Calles",2020-11-29,48,0,11
"855","General Plutarco Elías Calles",2020-12-06,49,0,11
"856","General Plutarco Elías Calles",2020-12-13,50,1,12
"857","General Plutarco Elías Calles",2020-12-20,51,0,12
"858","General Plutarco Elías Calles",2020-12-27,52,3,15
"859","Granados",2020-04-05,14,0,0
"860","Granados",2020-04-12,15,0,0
"861","Granados",2020-04-19,16,0,0
"862","Granados",2020-04-26,17,0,0
"863","Granados",2020-05-03,18,0,0
"864","Granados",2020-05-10,19,0,0
"865","Granados",2020-05-17,20,0,0
"866","Granados",2020-05-24,21,0,0
"867","Granados",2020-05-31,22,0,0
"868","Granados",2020-06-07,23,0,0
"869","Granados",2020-06-14,24,0,0
"870","Granados",2020-06-21,25,0,0
"871","Granados",2020-06-28,26,0,0
"872","Granados",2020-07-05,27,0,0
"873","Granados",2020-07-12,28,0,0
"874","Granados",2020-07-19,29,0,0
"875","Granados",2020-07-26,30,0,0
"876","Granados",2020-08-02,31,0,0
"877","Granados",2020-08-09,32,0,0
"878","Granados",2020-08-16,33,0,0
"879","Granados",2020-08-23,34,0,0
"880","Granados",2020-08-30,35,0,0
"881","Granados",2020-09-06,36,0,0
"882","Granados",2020-09-13,37,0,0
"883","Granados",2020-09-20,38,0,0
"884","Granados",2020-09-27,39,0,0
"885","Granados",2020-10-04,40,0,0
"886","Granados",2020-10-11,41,0,0
"887","Granados",2020-10-18,42,0,0
"888","Granados",2020-10-25,43,0,0
"889","Granados",2020-11-01,44,0,0
"890","Granados",2020-11-08,45,0,0
"891","Granados",2020-11-15,46,0,0
"892","Granados",2020-11-22,47,0,0
"893","Granados",2020-11-29,48,0,0
"894","Granados",2020-12-06,49,0,0
"895","Granados",2020-12-13,50,1,1
"896","Granados",2020-12-20,51,0,1
"897","Granados",2020-12-27,52,0,1
"898","Guaymas",2020-04-05,14,0,0
"899","Guaymas",2020-04-12,15,0,0
"900","Guaymas",2020-04-19,16,0,0
"901","Guaymas",2020-04-26,17,1,1
"902","Guaymas",2020-05-03,18,0,1
"903","Guaymas",2020-05-10,19,0,1
"904","Guaymas",2020-05-17,20,3,4
"905","Guaymas",2020-05-24,21,1,5
"906","Guaymas",2020-05-31,22,3,8
"907","Guaymas",2020-06-07,23,3,11
"908","Guaymas",2020-06-14,24,4,15
"909","Guaymas",2020-06-21,25,4,19
"910","Guaymas",2020-06-28,26,17,36
"911","Guaymas",2020-07-05,27,18,54
"912","Guaymas",2020-07-12,28,21,75
"913","Guaymas",2020-07-19,29,31,106
"914","Guaymas",2020-07-26,30,9,115
"915","Guaymas",2020-08-02,31,20,135
"916","Guaymas",2020-08-09,32,17,152
"917","Guaymas",2020-08-16,33,15,167
"918","Guaymas",2020-08-23,34,14,181
"919","Guaymas",2020-08-30,35,4,185
"920","Guaymas",2020-09-06,36,3,188
"921","Guaymas",2020-09-13,37,1,189
"922","Guaymas",2020-09-20,38,1,190
"923","Guaymas",2020-09-27,39,2,192
"924","Guaymas",2020-10-04,40,1,193
"925","Guaymas",2020-10-11,41,6,199
"926","Guaymas",2020-10-18,42,3,202
"927","Guaymas",2020-10-25,43,5,207
"928","Guaymas",2020-11-01,44,4,211
"929","Guaymas",2020-11-08,45,2,213
"930","Guaymas",2020-11-15,46,2,215
"931","Guaymas",2020-11-22,47,2,217
"932","Guaymas",2020-11-29,48,3,220
"933","Guaymas",2020-12-06,49,2,222
"934","Guaymas",2020-12-13,50,3,225
"935","Guaymas",2020-12-20,51,4,229
"936","Guaymas",2020-12-27,52,2,231
"937","Hermosillo",2020-04-05,14,0,0
"938","Hermosillo",2020-04-12,15,1,1
"939","Hermosillo",2020-04-19,16,1,2
"940","Hermosillo",2020-04-26,17,1,3
"941","Hermosillo",2020-05-03,18,0,3
"942","Hermosillo",2020-05-10,19,2,5
"943","Hermosillo",2020-05-17,20,3,8
"944","Hermosillo",2020-05-24,21,4,12
"945","Hermosillo",2020-05-31,22,12,24
"946","Hermosillo",2020-06-07,23,17,41
"947","Hermosillo",2020-06-14,24,31,72
"948","Hermosillo",2020-06-21,25,35,107
"949","Hermosillo",2020-06-28,26,68,175
"950","Hermosillo",2020-07-05,27,44,219
"951","Hermosillo",2020-07-12,28,65,284
"952","Hermosillo",2020-07-19,29,51,335
"953","Hermosillo",2020-07-26,30,55,390
"954","Hermosillo",2020-08-02,31,93,483
"955","Hermosillo",2020-08-09,32,157,640
"956","Hermosillo",2020-08-16,33,102,742
"957","Hermosillo",2020-08-23,34,51,793
"958","Hermosillo",2020-08-30,35,57,850
"959","Hermosillo",2020-09-06,36,35,885
"960","Hermosillo",2020-09-13,37,26,911
"961","Hermosillo",2020-09-20,38,11,922
"962","Hermosillo",2020-09-27,39,14,936
"963","Hermosillo",2020-10-04,40,18,954
"964","Hermosillo",2020-10-11,41,20,974
"965","Hermosillo",2020-10-18,42,19,993
"966","Hermosillo",2020-10-25,43,14,1007
"967","Hermosillo",2020-11-01,44,8,1015
"968","Hermosillo",2020-11-08,45,10,1025
"969","Hermosillo",2020-11-15,46,18,1043
"970","Hermosillo",2020-11-22,47,14,1057
"971","Hermosillo",2020-11-29,48,15,1072
"972","Hermosillo",2020-12-06,49,19,1091
"973","Hermosillo",2020-12-13,50,36,1127
"974","Hermosillo",2020-12-20,51,42,1169
"975","Hermosillo",2020-12-27,52,32,1201
"976","Huatabampo",2020-04-05,14,0,0
"977","Huatabampo",2020-04-12,15,2,2
"978","Huatabampo",2020-04-19,16,0,2
"979","Huatabampo",2020-04-26,17,1,3
"980","Huatabampo",2020-05-03,18,0,3
"981","Huatabampo",2020-05-10,19,0,3
"982","Huatabampo",2020-05-17,20,0,3
"983","Huatabampo",2020-05-24,21,1,4
"984","Huatabampo",2020-05-31,22,0,4
"985","Huatabampo",2020-06-07,23,0,4
"986","Huatabampo",2020-06-14,24,1,5
"987","Huatabampo",2020-06-21,25,1,6
"988","Huatabampo",2020-06-28,26,2,8
"989","Huatabampo",2020-07-05,27,4,12
"990","Huatabampo",2020-07-12,28,3,15
"991","Huatabampo",2020-07-19,29,4,19
"992","Huatabampo",2020-07-26,30,6,25
"993","Huatabampo",2020-08-02,31,6,31
"994","Huatabampo",2020-08-09,32,7,38
"995","Huatabampo",2020-08-16,33,13,51
"996","Huatabampo",2020-08-23,34,0,51
"997","Huatabampo",2020-08-30,35,7,58
"998","Huatabampo",2020-09-06,36,2,60
"999","Huatabampo",2020-09-13,37,2,62
"1000","Huatabampo",2020-09-20,38,1,63
"1001","Huatabampo",2020-09-27,39,2,65
"1002","Huatabampo",2020-10-04,40,1,66
"1003","Huatabampo",2020-10-11,41,2,68
"1004","Huatabampo",2020-10-18,42,1,69
"1005","Huatabampo",2020-10-25,43,3,72
"1006","Huatabampo",2020-11-01,44,1,73
"1007","Huatabampo",2020-11-08,45,1,74
"1008","Huatabampo",2020-11-15,46,1,75
"1009","Huatabampo",2020-11-22,47,0,75
"1010","Huatabampo",2020-11-29,48,0,75
"1011","Huatabampo",2020-12-06,49,2,77
"1012","Huatabampo",2020-12-13,50,1,78
"1013","Huatabampo",2020-12-20,51,0,78
"1014","Huatabampo",2020-12-27,52,5,83
"1015","Imuris",2020-04-05,14,0,0
"1016","Imuris",2020-04-12,15,0,0
"1017","Imuris",2020-04-19,16,0,0
"1018","Imuris",2020-04-26,17,0,0
"1019","Imuris",2020-05-03,18,0,0
"1020","Imuris",2020-05-10,19,1,1
"1021","Imuris",2020-05-17,20,0,1
"1022","Imuris",2020-05-24,21,0,1
"1023","Imuris",2020-05-31,22,0,1
"1024","Imuris",2020-06-07,23,0,1
"1025","Imuris",2020-06-14,24,0,1
"1026","Imuris",2020-06-21,25,0,1
"1027","Imuris",2020-06-28,26,1,2
"1028","Imuris",2020-07-05,27,1,3
"1029","Imuris",2020-07-12,28,0,3
"1030","Imuris",2020-07-19,29,1,4
"1031","Imuris",2020-07-26,30,1,5
"1032","Imuris",2020-08-02,31,1,6
"1033","Imuris",2020-08-09,32,0,6
"1034","Imuris",2020-08-16,33,0,6
"1035","Imuris",2020-08-23,34,0,6
"1036","Imuris",2020-08-30,35,0,6
"1037","Imuris",2020-09-06,36,0,6
"1038","Imuris",2020-09-13,37,0,6
"1039","Imuris",2020-09-20,38,0,6
"1040","Imuris",2020-09-27,39,0,6
"1041","Imuris",2020-10-04,40,0,6
"1042","Imuris",2020-10-11,41,0,6
"1043","Imuris",2020-10-18,42,0,6
"1044","Imuris",2020-10-25,43,0,6
"1045","Imuris",2020-11-01,44,0,6
"1046","Imuris",2020-11-08,45,0,6
"1047","Imuris",2020-11-15,46,1,7
"1048","Imuris",2020-11-22,47,0,7
"1049","Imuris",2020-11-29,48,0,7
"1050","Imuris",2020-12-06,49,0,7
"1051","Imuris",2020-12-13,50,2,9
"1052","Imuris",2020-12-20,51,2,11
"1053","Imuris",2020-12-27,52,0,11
"1054","Magdalena",2020-04-05,14,1,1
"1055","Magdalena",2020-04-12,15,2,3
"1056","Magdalena",2020-04-19,16,0,3
"1057","Magdalena",2020-04-26,17,0,3
"1058","Magdalena",2020-05-03,18,0,3
"1059","Magdalena",2020-05-10,19,0,3
"1060","Magdalena",2020-05-17,20,0,3
"1061","Magdalena",2020-05-24,21,0,3
"1062","Magdalena",2020-05-31,22,1,4
"1063","Magdalena",2020-06-07,23,0,4
"1064","Magdalena",2020-06-14,24,3,7
"1065","Magdalena",2020-06-21,25,3,10
"1066","Magdalena",2020-06-28,26,1,11
"1067","Magdalena",2020-07-05,27,1,12
"1068","Magdalena",2020-07-12,28,0,12
"1069","Magdalena",2020-07-19,29,1,13
"1070","Magdalena",2020-07-26,30,5,18
"1071","Magdalena",2020-08-02,31,4,22
"1072","Magdalena",2020-08-09,32,2,24
"1073","Magdalena",2020-08-16,33,1,25
"1074","Magdalena",2020-08-23,34,0,25
"1075","Magdalena",2020-08-30,35,1,26
"1076","Magdalena",2020-09-06,36,0,26
"1077","Magdalena",2020-09-13,37,0,26
"1078","Magdalena",2020-09-20,38,0,26
"1079","Magdalena",2020-09-27,39,0,26
"1080","Magdalena",2020-10-04,40,0,26
"1081","Magdalena",2020-10-11,41,1,27
"1082","Magdalena",2020-10-18,42,0,27
"1083","Magdalena",2020-10-25,43,0,27
"1084","Magdalena",2020-11-01,44,0,27
"1085","Magdalena",2020-11-08,45,0,27
"1086","Magdalena",2020-11-15,46,0,27
"1087","Magdalena",2020-11-22,47,0,27
"1088","Magdalena",2020-11-29,48,3,30
"1089","Magdalena",2020-12-06,49,3,33
"1090","Magdalena",2020-12-13,50,2,35
"1091","Magdalena",2020-12-20,51,3,38
"1092","Magdalena",2020-12-27,52,2,40
"1093","Moctezuma",2020-04-05,14,0,0
"1094","Moctezuma",2020-04-12,15,0,0
"1095","Moctezuma",2020-04-19,16,0,0
"1096","Moctezuma",2020-04-26,17,0,0
"1097","Moctezuma",2020-05-03,18,0,0
"1098","Moctezuma",2020-05-10,19,0,0
"1099","Moctezuma",2020-05-17,20,0,0
"1100","Moctezuma",2020-05-24,21,0,0
"1101","Moctezuma",2020-05-31,22,0,0
"1102","Moctezuma",2020-06-07,23,0,0
"1103","Moctezuma",2020-06-14,24,0,0
"1104","Moctezuma",2020-06-21,25,0,0
"1105","Moctezuma",2020-06-28,26,1,1
"1106","Moctezuma",2020-07-05,27,0,1
"1107","Moctezuma",2020-07-12,28,1,2
"1108","Moctezuma",2020-07-19,29,0,2
"1109","Moctezuma",2020-07-26,30,0,2
"1110","Moctezuma",2020-08-02,31,1,3
"1111","Moctezuma",2020-08-09,32,0,3
"1112","Moctezuma",2020-08-16,33,0,3
"1113","Moctezuma",2020-08-23,34,0,3
"1114","Moctezuma",2020-08-30,35,1,4
"1115","Moctezuma",2020-09-06,36,0,4
"1116","Moctezuma",2020-09-13,37,0,4
"1117","Moctezuma",2020-09-20,38,0,4
"1118","Moctezuma",2020-09-27,39,0,4
"1119","Moctezuma",2020-10-04,40,0,4
"1120","Moctezuma",2020-10-11,41,0,4
"1121","Moctezuma",2020-10-18,42,0,4
"1122","Moctezuma",2020-10-25,43,0,4
"1123","Moctezuma",2020-11-01,44,0,4
"1124","Moctezuma",2020-11-08,45,0,4
"1125","Moctezuma",2020-11-15,46,0,4
"1126","Moctezuma",2020-11-22,47,0,4
"1127","Moctezuma",2020-11-29,48,0,4
"1128","Moctezuma",2020-12-06,49,0,4
"1129","Moctezuma",2020-12-13,50,0,4
"1130","Moctezuma",2020-12-20,51,2,6
"1131","Moctezuma",2020-12-27,52,0,6
"1132","Naco",2020-04-05,14,0,0
"1133","Naco",2020-04-12,15,0,0
"1134","Naco",2020-04-19,16,0,0
"1135","Naco",2020-04-26,17,0,0
"1136","Naco",2020-05-03,18,0,0
"1137","Naco",2020-05-10,19,0,0
"1138","Naco",2020-05-17,20,0,0
"1139","Naco",2020-05-24,21,0,0
"1140","Naco",2020-05-31,22,0,0
"1141","Naco",2020-06-07,23,0,0
"1142","Naco",2020-06-14,24,0,0
"1143","Naco",2020-06-21,25,0,0
"1144","Naco",2020-06-28,26,0,0
"1145","Naco",2020-07-05,27,0,0
"1146","Naco",2020-07-12,28,0,0
"1147","Naco",2020-07-19,29,0,0
"1148","Naco",2020-07-26,30,1,1
"1149","Naco",2020-08-02,31,0,1
"1150","Naco",2020-08-09,32,0,1
"1151","Naco",2020-08-16,33,1,2
"1152","Naco",2020-08-23,34,0,2
"1153","Naco",2020-08-30,35,0,2
"1154","Naco",2020-09-06,36,0,2
"1155","Naco",2020-09-13,37,0,2
"1156","Naco",2020-09-20,38,0,2
"1157","Naco",2020-09-27,39,0,2
"1158","Naco",2020-10-04,40,0,2
"1159","Naco",2020-10-11,41,0,2
"1160","Naco",2020-10-18,42,0,2
"1161","Naco",2020-10-25,43,0,2
"1162","Naco",2020-11-01,44,1,3
"1163","Naco",2020-11-08,45,0,3
"1164","Naco",2020-11-15,46,0,3
"1165","Naco",2020-11-22,47,0,3
"1166","Naco",2020-11-29,48,0,3
"1167","Naco",2020-12-06,49,1,4
"1168","Naco",2020-12-13,50,0,4
"1169","Naco",2020-12-20,51,0,4
"1170","Naco",2020-12-27,52,0,4
"1171","Nácori Chico",2020-04-05,14,0,0
"1172","Nácori Chico",2020-04-12,15,0,0
"1173","Nácori Chico",2020-04-19,16,0,0
"1174","Nácori Chico",2020-04-26,17,0,0
"1175","Nácori Chico",2020-05-03,18,0,0
"1176","Nácori Chico",2020-05-10,19,0,0
"1177","Nácori Chico",2020-05-17,20,0,0
"1178","Nácori Chico",2020-05-24,21,0,0
"1179","Nácori Chico",2020-05-31,22,0,0
"1180","Nácori Chico",2020-06-07,23,0,0
"1181","Nácori Chico",2020-06-14,24,0,0
"1182","Nácori Chico",2020-06-21,25,0,0
"1183","Nácori Chico",2020-06-28,26,0,0
"1184","Nácori Chico",2020-07-05,27,1,1
"1185","Nácori Chico",2020-07-12,28,0,1
"1186","Nácori Chico",2020-07-19,29,0,1
"1187","Nácori Chico",2020-07-26,30,0,1
"1188","Nácori Chico",2020-08-02,31,0,1
"1189","Nácori Chico",2020-08-09,32,0,1
"1190","Nácori Chico",2020-08-16,33,0,1
"1191","Nácori Chico",2020-08-23,34,0,1
"1192","Nácori Chico",2020-08-30,35,0,1
"1193","Nácori Chico",2020-09-06,36,0,1
"1194","Nácori Chico",2020-09-13,37,0,1
"1195","Nácori Chico",2020-09-20,38,0,1
"1196","Nácori Chico",2020-09-27,39,0,1
"1197","Nácori Chico",2020-10-04,40,0,1
"1198","Nácori Chico",2020-10-11,41,0,1
"1199","Nácori Chico",2020-10-18,42,0,1
"1200","Nácori Chico",2020-10-25,43,0,1
"1201","Nácori Chico",2020-11-01,44,0,1
"1202","Nácori Chico",2020-11-08,45,0,1
"1203","Nácori Chico",2020-11-15,46,0,1
"1204","Nácori Chico",2020-11-22,47,0,1
"1205","Nácori Chico",2020-11-29,48,0,1
"1206","Nácori Chico",2020-12-06,49,0,1
"1207","Nácori Chico",2020-12-13,50,0,1
"1208","Nácori Chico",2020-12-20,51,0,1
"1209","Nácori Chico",2020-12-27,52,0,1
"1210","Nacozari de García",2020-04-05,14,0,0
"1211","Nacozari de García",2020-04-12,15,0,0
"1212","Nacozari de García",2020-04-19,16,0,0
"1213","Nacozari de García",2020-04-26,17,0,0
"1214","Nacozari de García",2020-05-03,18,0,0
"1215","Nacozari de García",2020-05-10,19,0,0
"1216","Nacozari de García",2020-05-17,20,0,0
"1217","Nacozari de García",2020-05-24,21,0,0
"1218","Nacozari de García",2020-05-31,22,0,0
"1219","Nacozari de García",2020-06-07,23,0,0
"1220","Nacozari de García",2020-06-14,24,0,0
"1221","Nacozari de García",2020-06-21,25,0,0
"1222","Nacozari de García",2020-06-28,26,0,0
"1223","Nacozari de García",2020-07-05,27,0,0
"1224","Nacozari de García",2020-07-12,28,0,0
"1225","Nacozari de García",2020-07-19,29,0,0
"1226","Nacozari de García",2020-07-26,30,0,0
"1227","Nacozari de García",2020-08-02,31,0,0
"1228","Nacozari de García",2020-08-09,32,2,2
"1229","Nacozari de García",2020-08-16,33,1,3
"1230","Nacozari de García",2020-08-23,34,0,3
"1231","Nacozari de García",2020-08-30,35,1,4
"1232","Nacozari de García",2020-09-06,36,0,4
"1233","Nacozari de García",2020-09-13,37,0,4
"1234","Nacozari de García",2020-09-20,38,0,4
"1235","Nacozari de García",2020-09-27,39,0,4
"1236","Nacozari de García",2020-10-04,40,1,5
"1237","Nacozari de García",2020-10-11,41,0,5
"1238","Nacozari de García",2020-10-18,42,1,6
"1239","Nacozari de García",2020-10-25,43,1,7
"1240","Nacozari de García",2020-11-01,44,8,15
"1241","Nacozari de García",2020-11-08,45,5,20
"1242","Nacozari de García",2020-11-15,46,3,23
"1243","Nacozari de García",2020-11-22,47,2,25
"1244","Nacozari de García",2020-11-29,48,6,31
"1245","Nacozari de García",2020-12-06,49,4,35
"1246","Nacozari de García",2020-12-13,50,0,35
"1247","Nacozari de García",2020-12-20,51,4,39
"1248","Nacozari de García",2020-12-27,52,3,42
"1249","Navojoa",2020-04-05,14,0,0
"1250","Navojoa",2020-04-12,15,0,0
"1251","Navojoa",2020-04-19,16,0,0
"1252","Navojoa",2020-04-26,17,0,0
"1253","Navojoa",2020-05-03,18,0,0
"1254","Navojoa",2020-05-10,19,1,1
"1255","Navojoa",2020-05-17,20,2,3
"1256","Navojoa",2020-05-24,21,3,6
"1257","Navojoa",2020-05-31,22,6,12
"1258","Navojoa",2020-06-07,23,12,24
"1259","Navojoa",2020-06-14,24,11,35
"1260","Navojoa",2020-06-21,25,11,46
"1261","Navojoa",2020-06-28,26,15,61
"1262","Navojoa",2020-07-05,27,5,66
"1263","Navojoa",2020-07-12,28,5,71
"1264","Navojoa",2020-07-19,29,8,79
"1265","Navojoa",2020-07-26,30,6,85
"1266","Navojoa",2020-08-02,31,9,94
"1267","Navojoa",2020-08-09,32,4,98
"1268","Navojoa",2020-08-16,33,8,106
"1269","Navojoa",2020-08-23,34,4,110
"1270","Navojoa",2020-08-30,35,5,115
"1271","Navojoa",2020-09-06,36,6,121
"1272","Navojoa",2020-09-13,37,2,123
"1273","Navojoa",2020-09-20,38,2,125
"1274","Navojoa",2020-09-27,39,4,129
"1275","Navojoa",2020-10-04,40,3,132
"1276","Navojoa",2020-10-11,41,4,136
"1277","Navojoa",2020-10-18,42,3,139
"1278","Navojoa",2020-10-25,43,5,144
"1279","Navojoa",2020-11-01,44,6,150
"1280","Navojoa",2020-11-08,45,5,155
"1281","Navojoa",2020-11-15,46,1,156
"1282","Navojoa",2020-11-22,47,6,162
"1283","Navojoa",2020-11-29,48,5,167
"1284","Navojoa",2020-12-06,49,3,170
"1285","Navojoa",2020-12-13,50,1,171
"1286","Navojoa",2020-12-20,51,7,178
"1287","Navojoa",2020-12-27,52,5,183
"1288","Nogales",2020-04-05,14,0,0
"1289","Nogales",2020-04-12,15,1,1
"1290","Nogales",2020-04-19,16,0,1
"1291","Nogales",2020-04-26,17,1,2
"1292","Nogales",2020-05-03,18,1,3
"1293","Nogales",2020-05-10,19,2,5
"1294","Nogales",2020-05-17,20,0,5
"1295","Nogales",2020-05-24,21,8,13
"1296","Nogales",2020-05-31,22,10,23
"1297","Nogales",2020-06-07,23,13,36
"1298","Nogales",2020-06-14,24,24,60
"1299","Nogales",2020-06-21,25,16,76
"1300","Nogales",2020-06-28,26,28,104
"1301","Nogales",2020-07-05,27,26,130
"1302","Nogales",2020-07-12,28,25,155
"1303","Nogales",2020-07-19,29,26,181
"1304","Nogales",2020-07-26,30,22,203
"1305","Nogales",2020-08-02,31,17,220
"1306","Nogales",2020-08-09,32,12,232
"1307","Nogales",2020-08-16,33,6,238
"1308","Nogales",2020-08-23,34,3,241
"1309","Nogales",2020-08-30,35,4,245
"1310","Nogales",2020-09-06,36,2,247
"1311","Nogales",2020-09-13,37,1,248
"1312","Nogales",2020-09-20,38,3,251
"1313","Nogales",2020-09-27,39,1,252
"1314","Nogales",2020-10-04,40,2,254
"1315","Nogales",2020-10-11,41,4,258
"1316","Nogales",2020-10-18,42,5,263
"1317","Nogales",2020-10-25,43,1,264
"1318","Nogales",2020-11-01,44,2,266
"1319","Nogales",2020-11-08,45,3,269
"1320","Nogales",2020-11-15,46,5,274
"1321","Nogales",2020-11-22,47,4,278
"1322","Nogales",2020-11-29,48,6,284
"1323","Nogales",2020-12-06,49,7,291
"1324","Nogales",2020-12-13,50,19,310
"1325","Nogales",2020-12-20,51,15,325
"1326","Nogales",2020-12-27,52,20,345
"1327","Opodepe",2020-04-05,14,0,0
"1328","Opodepe",2020-04-12,15,0,0
"1329","Opodepe",2020-04-19,16,0,0
"1330","Opodepe",2020-04-26,17,1,1
"1331","Opodepe",2020-05-03,18,0,1
"1332","Opodepe",2020-05-10,19,0,1
"1333","Opodepe",2020-05-17,20,0,1
"1334","Opodepe",2020-05-24,21,0,1
"1335","Opodepe",2020-05-31,22,0,1
"1336","Opodepe",2020-06-07,23,0,1
"1337","Opodepe",2020-06-14,24,0,1
"1338","Opodepe",2020-06-21,25,0,1
"1339","Opodepe",2020-06-28,26,0,1
"1340","Opodepe",2020-07-05,27,0,1
"1341","Opodepe",2020-07-12,28,0,1
"1342","Opodepe",2020-07-19,29,0,1
"1343","Opodepe",2020-07-26,30,0,1
"1344","Opodepe",2020-08-02,31,0,1
"1345","Opodepe",2020-08-09,32,0,1
"1346","Opodepe",2020-08-16,33,0,1
"1347","Opodepe",2020-08-23,34,0,1
"1348","Opodepe",2020-08-30,35,0,1
"1349","Opodepe",2020-09-06,36,0,1
"1350","Opodepe",2020-09-13,37,0,1
"1351","Opodepe",2020-09-20,38,0,1
"1352","Opodepe",2020-09-27,39,0,1
"1353","Opodepe",2020-10-04,40,0,1
"1354","Opodepe",2020-10-11,41,0,1
"1355","Opodepe",2020-10-18,42,0,1
"1356","Opodepe",2020-10-25,43,0,1
"1357","Opodepe",2020-11-01,44,0,1
"1358","Opodepe",2020-11-08,45,0,1
"1359","Opodepe",2020-11-15,46,0,1
"1360","Opodepe",2020-11-22,47,0,1
"1361","Opodepe",2020-11-29,48,0,1
"1362","Opodepe",2020-12-06,49,0,1
"1363","Opodepe",2020-12-13,50,0,1
"1364","Opodepe",2020-12-20,51,0,1
"1365","Opodepe",2020-12-27,52,0,1
"1366","Oquitoa",2020-04-05,14,0,0
"1367","Oquitoa",2020-04-12,15,0,0
"1368","Oquitoa",2020-04-19,16,0,0
"1369","Oquitoa",2020-04-26,17,0,0
"1370","Oquitoa",2020-05-03,18,0,0
"1371","Oquitoa",2020-05-10,19,0,0
"1372","Oquitoa",2020-05-17,20,0,0
"1373","Oquitoa",2020-05-24,21,0,0
"1374","Oquitoa",2020-05-31,22,0,0
"1375","Oquitoa",2020-06-07,23,0,0
"1376","Oquitoa",2020-06-14,24,0,0
"1377","Oquitoa",2020-06-21,25,0,0
"1378","Oquitoa",2020-06-28,26,0,0
"1379","Oquitoa",2020-07-05,27,0,0
"1380","Oquitoa",2020-07-12,28,0,0
"1381","Oquitoa",2020-07-19,29,0,0
"1382","Oquitoa",2020-07-26,30,0,0
"1383","Oquitoa",2020-08-02,31,0,0
"1384","Oquitoa",2020-08-09,32,0,0
"1385","Oquitoa",2020-08-16,33,0,0
"1386","Oquitoa",2020-08-23,34,0,0
"1387","Oquitoa",2020-08-30,35,0,0
"1388","Oquitoa",2020-09-06,36,0,0
"1389","Oquitoa",2020-09-13,37,0,0
"1390","Oquitoa",2020-09-20,38,0,0
"1391","Oquitoa",2020-09-27,39,0,0
"1392","Oquitoa",2020-10-04,40,0,0
"1393","Oquitoa",2020-10-11,41,0,0
"1394","Oquitoa",2020-10-18,42,1,1
"1395","Oquitoa",2020-10-25,43,0,1
"1396","Oquitoa",2020-11-01,44,0,1
"1397","Oquitoa",2020-11-08,45,0,1
"1398","Oquitoa",2020-11-15,46,0,1
"1399","Oquitoa",2020-11-22,47,0,1
"1400","Oquitoa",2020-11-29,48,0,1
"1401","Oquitoa",2020-12-06,49,0,1
"1402","Oquitoa",2020-12-13,50,0,1
"1403","Oquitoa",2020-12-20,51,0,1
"1404","Oquitoa",2020-12-27,52,0,1
"1405","Pitiquito",2020-04-05,14,0,0
"1406","Pitiquito",2020-04-12,15,0,0
"1407","Pitiquito",2020-04-19,16,0,0
"1408","Pitiquito",2020-04-26,17,0,0
"1409","Pitiquito",2020-05-03,18,0,0
"1410","Pitiquito",2020-05-10,19,0,0
"1411","Pitiquito",2020-05-17,20,0,0
"1412","Pitiquito",2020-05-24,21,0,0
"1413","Pitiquito",2020-05-31,22,0,0
"1414","Pitiquito",2020-06-07,23,0,0
"1415","Pitiquito",2020-06-14,24,0,0
"1416","Pitiquito",2020-06-21,25,0,0
"1417","Pitiquito",2020-06-28,26,1,1
"1418","Pitiquito",2020-07-05,27,0,1
"1419","Pitiquito",2020-07-12,28,1,2
"1420","Pitiquito",2020-07-19,29,1,3
"1421","Pitiquito",2020-07-26,30,0,3
"1422","Pitiquito",2020-08-02,31,0,3
"1423","Pitiquito",2020-08-09,32,0,3
"1424","Pitiquito",2020-08-16,33,0,3
"1425","Pitiquito",2020-08-23,34,0,3
"1426","Pitiquito",2020-08-30,35,1,4
"1427","Pitiquito",2020-09-06,36,0,4
"1428","Pitiquito",2020-09-13,37,0,4
"1429","Pitiquito",2020-09-20,38,0,4
"1430","Pitiquito",2020-09-27,39,0,4
"1431","Pitiquito",2020-10-04,40,0,4
"1432","Pitiquito",2020-10-11,41,1,5
"1433","Pitiquito",2020-10-18,42,1,6
"1434","Pitiquito",2020-10-25,43,0,6
"1435","Pitiquito",2020-11-01,44,0,6
"1436","Pitiquito",2020-11-08,45,0,6
"1437","Pitiquito",2020-11-15,46,0,6
"1438","Pitiquito",2020-11-22,47,0,6
"1439","Pitiquito",2020-11-29,48,0,6
"1440","Pitiquito",2020-12-06,49,0,6
"1441","Pitiquito",2020-12-13,50,0,6
"1442","Pitiquito",2020-12-20,51,0,6
"1443","Pitiquito",2020-12-27,52,0,6
"1444","Puerto Peñasco",2020-04-05,14,0,0
"1445","Puerto Peñasco",2020-04-12,15,0,0
"1446","Puerto Peñasco",2020-04-19,16,0,0
"1447","Puerto Peñasco",2020-04-26,17,0,0
"1448","Puerto Peñasco",2020-05-03,18,0,0
"1449","Puerto Peñasco",2020-05-10,19,0,0
"1450","Puerto Peñasco",2020-05-17,20,0,0
"1451","Puerto Peñasco",2020-05-24,21,0,0
"1452","Puerto Peñasco",2020-05-31,22,0,0
"1453","Puerto Peñasco",2020-06-07,23,1,1
"1454","Puerto Peñasco",2020-06-14,24,0,1
"1455","Puerto Peñasco",2020-06-21,25,0,1
"1456","Puerto Peñasco",2020-06-28,26,0,1
"1457","Puerto Peñasco",2020-07-05,27,1,2
"1458","Puerto Peñasco",2020-07-12,28,3,5
"1459","Puerto Peñasco",2020-07-19,29,0,5
"1460","Puerto Peñasco",2020-07-26,30,3,8
"1461","Puerto Peñasco",2020-08-02,31,1,9
"1462","Puerto Peñasco",2020-08-09,32,3,12
"1463","Puerto Peñasco",2020-08-16,33,3,15
"1464","Puerto Peñasco",2020-08-23,34,3,18
"1465","Puerto Peñasco",2020-08-30,35,4,22
"1466","Puerto Peñasco",2020-09-06,36,5,27
"1467","Puerto Peñasco",2020-09-13,37,2,29
"1468","Puerto Peñasco",2020-09-20,38,0,29
"1469","Puerto Peñasco",2020-09-27,39,1,30
"1470","Puerto Peñasco",2020-10-04,40,1,31
"1471","Puerto Peñasco",2020-10-11,41,2,33
"1472","Puerto Peñasco",2020-10-18,42,0,33
"1473","Puerto Peñasco",2020-10-25,43,2,35
"1474","Puerto Peñasco",2020-11-01,44,3,38
"1475","Puerto Peñasco",2020-11-08,45,1,39
"1476","Puerto Peñasco",2020-11-15,46,3,42
"1477","Puerto Peñasco",2020-11-22,47,2,44
"1478","Puerto Peñasco",2020-11-29,48,1,45
"1479","Puerto Peñasco",2020-12-06,49,3,48
"1480","Puerto Peñasco",2020-12-13,50,1,49
"1481","Puerto Peñasco",2020-12-20,51,1,50
"1482","Puerto Peñasco",2020-12-27,52,3,53
"1483","Rayón",2020-04-05,14,0,0
"1484","Rayón",2020-04-12,15,0,0
"1485","Rayón",2020-04-19,16,0,0
"1486","Rayón",2020-04-26,17,0,0
"1487","Rayón",2020-05-03,18,0,0
"1488","Rayón",2020-05-10,19,0,0
"1489","Rayón",2020-05-17,20,0,0
"1490","Rayón",2020-05-24,21,0,0
"1491","Rayón",2020-05-31,22,0,0
"1492","Rayón",2020-06-07,23,0,0
"1493","Rayón",2020-06-14,24,0,0
"1494","Rayón",2020-06-21,25,0,0
"1495","Rayón",2020-06-28,26,0,0
"1496","Rayón",2020-07-05,27,0,0
"1497","Rayón",2020-07-12,28,0,0
"1498","Rayón",2020-07-19,29,0,0
"1499","Rayón",2020-07-26,30,0,0
"1500","Rayón",2020-08-02,31,0,0
"1501","Rayón",2020-08-09,32,0,0
"1502","Rayón",2020-08-16,33,1,1
"1503","Rayón",2020-08-23,34,0,1
"1504","Rayón",2020-08-30,35,0,1
"1505","Rayón",2020-09-06,36,0,1
"1506","Rayón",2020-09-13,37,0,1
"1507","Rayón",2020-09-20,38,0,1
"1508","Rayón",2020-09-27,39,0,1
"1509","Rayón",2020-10-04,40,0,1
"1510","Rayón",2020-10-11,41,0,1
"1511","Rayón",2020-10-18,42,1,2
"1512","Rayón",2020-10-25,43,0,2
"1513","Rayón",2020-11-01,44,0,2
"1514","Rayón",2020-11-08,45,0,2
"1515","Rayón",2020-11-15,46,0,2
"1516","Rayón",2020-11-22,47,0,2
"1517","Rayón",2020-11-29,48,0,2
"1518","Rayón",2020-12-06,49,0,2
"1519","Rayón",2020-12-13,50,0,2
"1520","Rayón",2020-12-20,51,0,2
"1521","Rayón",2020-12-27,52,0,2
"1522","Rosario",2020-04-05,14,0,0
"1523","Rosario",2020-04-12,15,0,0
"1524","Rosario",2020-04-19,16,0,0
"1525","Rosario",2020-04-26,17,0,0
"1526","Rosario",2020-05-03,18,0,0
"1527","Rosario",2020-05-10,19,0,0
"1528","Rosario",2020-05-17,20,0,0
"1529","Rosario",2020-05-24,21,0,0
"1530","Rosario",2020-05-31,22,0,0
"1531","Rosario",2020-06-07,23,0,0
"1532","Rosario",2020-06-14,24,0,0
"1533","Rosario",2020-06-21,25,0,0
"1534","Rosario",2020-06-28,26,0,0
"1535","Rosario",2020-07-05,27,0,0
"1536","Rosario",2020-07-12,28,0,0
"1537","Rosario",2020-07-19,29,2,2
"1538","Rosario",2020-07-26,30,0,2
"1539","Rosario",2020-08-02,31,0,2
"1540","Rosario",2020-08-09,32,0,2
"1541","Rosario",2020-08-16,33,0,2
"1542","Rosario",2020-08-23,34,0,2
"1543","Rosario",2020-08-30,35,0,2
"1544","Rosario",2020-09-06,36,0,2
"1545","Rosario",2020-09-13,37,1,3
"1546","Rosario",2020-09-20,38,0,3
"1547","Rosario",2020-09-27,39,0,3
"1548","Rosario",2020-10-04,40,0,3
"1549","Rosario",2020-10-11,41,0,3
"1550","Rosario",2020-10-18,42,0,3
"1551","Rosario",2020-10-25,43,0,3
"1552","Rosario",2020-11-01,44,0,3
"1553","Rosario",2020-11-08,45,0,3
"1554","Rosario",2020-11-15,46,0,3
"1555","Rosario",2020-11-22,47,0,3
"1556","Rosario",2020-11-29,48,0,3
"1557","Rosario",2020-12-06,49,0,3
"1558","Rosario",2020-12-13,50,0,3
"1559","Rosario",2020-12-20,51,0,3
"1560","Rosario",2020-12-27,52,0,3
"1561","Sahuaripa",2020-04-05,14,0,0
"1562","Sahuaripa",2020-04-12,15,0,0
"1563","Sahuaripa",2020-04-19,16,0,0
"1564","Sahuaripa",2020-04-26,17,0,0
"1565","Sahuaripa",2020-05-03,18,0,0
"1566","Sahuaripa",2020-05-10,19,0,0
"1567","Sahuaripa",2020-05-17,20,0,0
"1568","Sahuaripa",2020-05-24,21,0,0
"1569","Sahuaripa",2020-05-31,22,0,0
"1570","Sahuaripa",2020-06-07,23,0,0
"1571","Sahuaripa",2020-06-14,24,0,0
"1572","Sahuaripa",2020-06-21,25,1,1
"1573","Sahuaripa",2020-06-28,26,1,2
"1574","Sahuaripa",2020-07-05,27,0,2
"1575","Sahuaripa",2020-07-12,28,0,2
"1576","Sahuaripa",2020-07-19,29,0,2
"1577","Sahuaripa",2020-07-26,30,0,2
"1578","Sahuaripa",2020-08-02,31,0,2
"1579","Sahuaripa",2020-08-09,32,0,2
"1580","Sahuaripa",2020-08-16,33,0,2
"1581","Sahuaripa",2020-08-23,34,0,2
"1582","Sahuaripa",2020-08-30,35,0,2
"1583","Sahuaripa",2020-09-06,36,0,2
"1584","Sahuaripa",2020-09-13,37,1,3
"1585","Sahuaripa",2020-09-20,38,0,3
"1586","Sahuaripa",2020-09-27,39,0,3
"1587","Sahuaripa",2020-10-04,40,0,3
"1588","Sahuaripa",2020-10-11,41,0,3
"1589","Sahuaripa",2020-10-18,42,0,3
"1590","Sahuaripa",2020-10-25,43,0,3
"1591","Sahuaripa",2020-11-01,44,0,3
"1592","Sahuaripa",2020-11-08,45,0,3
"1593","Sahuaripa",2020-11-15,46,0,3
"1594","Sahuaripa",2020-11-22,47,0,3
"1595","Sahuaripa",2020-11-29,48,0,3
"1596","Sahuaripa",2020-12-06,49,0,3
"1597","Sahuaripa",2020-12-13,50,0,3
"1598","Sahuaripa",2020-12-20,51,0,3
"1599","Sahuaripa",2020-12-27,52,0,3
"1600","San Ignacio Río Muerto",2020-04-05,14,0,0
"1601","San Ignacio Río Muerto",2020-04-12,15,0,0
"1602","San Ignacio Río Muerto",2020-04-19,16,0,0
"1603","San Ignacio Río Muerto",2020-04-26,17,0,0
"1604","San Ignacio Río Muerto",2020-05-03,18,0,0
"1605","San Ignacio Río Muerto",2020-05-10,19,0,0
"1606","San Ignacio Río Muerto",2020-05-17,20,0,0
"1607","San Ignacio Río Muerto",2020-05-24,21,0,0
"1608","San Ignacio Río Muerto",2020-05-31,22,0,0
"1609","San Ignacio Río Muerto",2020-06-07,23,0,0
"1610","San Ignacio Río Muerto",2020-06-14,24,1,1
"1611","San Ignacio Río Muerto",2020-06-21,25,2,3
"1612","San Ignacio Río Muerto",2020-06-28,26,1,4
"1613","San Ignacio Río Muerto",2020-07-05,27,1,5
"1614","San Ignacio Río Muerto",2020-07-12,28,1,6
"1615","San Ignacio Río Muerto",2020-07-19,29,0,6
"1616","San Ignacio Río Muerto",2020-07-26,30,0,6
"1617","San Ignacio Río Muerto",2020-08-02,31,2,8
"1618","San Ignacio Río Muerto",2020-08-09,32,0,8
"1619","San Ignacio Río Muerto",2020-08-16,33,0,8
"1620","San Ignacio Río Muerto",2020-08-23,34,0,8
"1621","San Ignacio Río Muerto",2020-08-30,35,2,10
"1622","San Ignacio Río Muerto",2020-09-06,36,1,11
"1623","San Ignacio Río Muerto",2020-09-13,37,0,11
"1624","San Ignacio Río Muerto",2020-09-20,38,0,11
"1625","San Ignacio Río Muerto",2020-09-27,39,0,11
"1626","San Ignacio Río Muerto",2020-10-04,40,1,12
"1627","San Ignacio Río Muerto",2020-10-11,41,1,13
"1628","San Ignacio Río Muerto",2020-10-18,42,1,14
"1629","San Ignacio Río Muerto",2020-10-25,43,0,14
"1630","San Ignacio Río Muerto",2020-11-01,44,0,14
"1631","San Ignacio Río Muerto",2020-11-08,45,0,14
"1632","San Ignacio Río Muerto",2020-11-15,46,0,14
"1633","San Ignacio Río Muerto",2020-11-22,47,0,14
"1634","San Ignacio Río Muerto",2020-11-29,48,0,14
"1635","San Ignacio Río Muerto",2020-12-06,49,1,15
"1636","San Ignacio Río Muerto",2020-12-13,50,0,15
"1637","San Ignacio Río Muerto",2020-12-20,51,0,15
"1638","San Ignacio Río Muerto",2020-12-27,52,0,15
"1639","San Luis Río Colorado",2020-04-05,14,0,0
"1640","San Luis Río Colorado",2020-04-12,15,2,2
"1641","San Luis Río Colorado",2020-04-19,16,2,4
"1642","San Luis Río Colorado",2020-04-26,17,4,8
"1643","San Luis Río Colorado",2020-05-03,18,8,16
"1644","San Luis Río Colorado",2020-05-10,19,3,19
"1645","San Luis Río Colorado",2020-05-17,20,9,28
"1646","San Luis Río Colorado",2020-05-24,21,11,39
"1647","San Luis Río Colorado",2020-05-31,22,15,54
"1648","San Luis Río Colorado",2020-06-07,23,20,74
"1649","San Luis Río Colorado",2020-06-14,24,9,83
"1650","San Luis Río Colorado",2020-06-21,25,18,101
"1651","San Luis Río Colorado",2020-06-28,26,15,116
"1652","San Luis Río Colorado",2020-07-05,27,8,124
"1653","San Luis Río Colorado",2020-07-12,28,21,145
"1654","San Luis Río Colorado",2020-07-19,29,8,153
"1655","San Luis Río Colorado",2020-07-26,30,8,161
"1656","San Luis Río Colorado",2020-08-02,31,23,184
"1657","San Luis Río Colorado",2020-08-09,32,14,198
"1658","San Luis Río Colorado",2020-08-16,33,18,216
"1659","San Luis Río Colorado",2020-08-23,34,10,226
"1660","San Luis Río Colorado",2020-08-30,35,8,234
"1661","San Luis Río Colorado",2020-09-06,36,3,237
"1662","San Luis Río Colorado",2020-09-13,37,7,244
"1663","San Luis Río Colorado",2020-09-20,38,4,248
"1664","San Luis Río Colorado",2020-09-27,39,7,255
"1665","San Luis Río Colorado",2020-10-04,40,0,255
"1666","San Luis Río Colorado",2020-10-11,41,3,258
"1667","San Luis Río Colorado",2020-10-18,42,4,262
"1668","San Luis Río Colorado",2020-10-25,43,6,268
"1669","San Luis Río Colorado",2020-11-01,44,2,270
"1670","San Luis Río Colorado",2020-11-08,45,5,275
"1671","San Luis Río Colorado",2020-11-15,46,8,283
"1672","San Luis Río Colorado",2020-11-22,47,7,290
"1673","San Luis Río Colorado",2020-11-29,48,6,296
"1674","San Luis Río Colorado",2020-12-06,49,9,305
"1675","San Luis Río Colorado",2020-12-13,50,17,322
"1676","San Luis Río Colorado",2020-12-20,51,11,333
"1677","San Luis Río Colorado",2020-12-27,52,14,347
"1678","San Miguel de Horcasitas",2020-04-05,14,0,0
"1679","San Miguel de Horcasitas",2020-04-12,15,0,0
"1680","San Miguel de Horcasitas",2020-04-19,16,0,0
"1681","San Miguel de Horcasitas",2020-04-26,17,0,0
"1682","San Miguel de Horcasitas",2020-05-03,18,0,0
"1683","San Miguel de Horcasitas",2020-05-10,19,0,0
"1684","San Miguel de Horcasitas",2020-05-17,20,0,0
"1685","San Miguel de Horcasitas",2020-05-24,21,0,0
"1686","San Miguel de Horcasitas",2020-05-31,22,0,0
"1687","San Miguel de Horcasitas",2020-06-07,23,0,0
"1688","San Miguel de Horcasitas",2020-06-14,24,0,0
"1689","San Miguel de Horcasitas",2020-06-21,25,2,2
"1690","San Miguel de Horcasitas",2020-06-28,26,0,2
"1691","San Miguel de Horcasitas",2020-07-05,27,0,2
"1692","San Miguel de Horcasitas",2020-07-12,28,1,3
"1693","San Miguel de Horcasitas",2020-07-19,29,0,3
"1694","San Miguel de Horcasitas",2020-07-26,30,0,3
"1695","San Miguel de Horcasitas",2020-08-02,31,0,3
"1696","San Miguel de Horcasitas",2020-08-09,32,0,3
"1697","San Miguel de Horcasitas",2020-08-16,33,1,4
"1698","San Miguel de Horcasitas",2020-08-23,34,0,4
"1699","San Miguel de Horcasitas",2020-08-30,35,0,4
"1700","San Miguel de Horcasitas",2020-09-06,36,0,4
"1701","San Miguel de Horcasitas",2020-09-13,37,0,4
"1702","San Miguel de Horcasitas",2020-09-20,38,0,4
"1703","San Miguel de Horcasitas",2020-09-27,39,0,4
"1704","San Miguel de Horcasitas",2020-10-04,40,0,4
"1705","San Miguel de Horcasitas",2020-10-11,41,0,4
"1706","San Miguel de Horcasitas",2020-10-18,42,0,4
"1707","San Miguel de Horcasitas",2020-10-25,43,0,4
"1708","San Miguel de Horcasitas",2020-11-01,44,0,4
"1709","San Miguel de Horcasitas",2020-11-08,45,0,4
"1710","San Miguel de Horcasitas",2020-11-15,46,0,4
"1711","San Miguel de Horcasitas",2020-11-22,47,0,4
"1712","San Miguel de Horcasitas",2020-11-29,48,0,4
"1713","San Miguel de Horcasitas",2020-12-06,49,0,4
"1714","San Miguel de Horcasitas",2020-12-13,50,0,4
"1715","San Miguel de Horcasitas",2020-12-20,51,0,4
"1716","San Miguel de Horcasitas",2020-12-27,52,0,4
"1717","Santa Ana",2020-04-05,14,0,0
"1718","Santa Ana",2020-04-12,15,0,0
"1719","Santa Ana",2020-04-19,16,0,0
"1720","Santa Ana",2020-04-26,17,0,0
"1721","Santa Ana",2020-05-03,18,0,0
"1722","Santa Ana",2020-05-10,19,1,1
"1723","Santa Ana",2020-05-17,20,0,1
"1724","Santa Ana",2020-05-24,21,0,1
"1725","Santa Ana",2020-05-31,22,0,1
"1726","Santa Ana",2020-06-07,23,0,1
"1727","Santa Ana",2020-06-14,24,0,1
"1728","Santa Ana",2020-06-21,25,0,1
"1729","Santa Ana",2020-06-28,26,1,2
"1730","Santa Ana",2020-07-05,27,1,3
"1731","Santa Ana",2020-07-12,28,0,3
"1732","Santa Ana",2020-07-19,29,1,4
"1733","Santa Ana",2020-07-26,30,1,5
"1734","Santa Ana",2020-08-02,31,1,6
"1735","Santa Ana",2020-08-09,32,1,7
"1736","Santa Ana",2020-08-16,33,2,9
"1737","Santa Ana",2020-08-23,34,0,9
"1738","Santa Ana",2020-08-30,35,1,10
"1739","Santa Ana",2020-09-06,36,0,10
"1740","Santa Ana",2020-09-13,37,0,10
"1741","Santa Ana",2020-09-20,38,0,10
"1742","Santa Ana",2020-09-27,39,0,10
"1743","Santa Ana",2020-10-04,40,0,10
"1744","Santa Ana",2020-10-11,41,2,12
"1745","Santa Ana",2020-10-18,42,0,12
"1746","Santa Ana",2020-10-25,43,0,12
"1747","Santa Ana",2020-11-01,44,0,12
"1748","Santa Ana",2020-11-08,45,0,12
"1749","Santa Ana",2020-11-15,46,0,12
"1750","Santa Ana",2020-11-22,47,1,13
"1751","Santa Ana",2020-11-29,48,0,13
"1752","Santa Ana",2020-12-06,49,1,14
"1753","Santa Ana",2020-12-13,50,4,18
"1754","Santa Ana",2020-12-20,51,2,20
"1755","Santa Ana",2020-12-27,52,6,26
"1756","Santa Cruz",2020-04-05,14,0,0
"1757","Santa Cruz",2020-04-12,15,0,0
"1758","Santa Cruz",2020-04-19,16,0,0
"1759","Santa Cruz",2020-04-26,17,0,0
"1760","Santa Cruz",2020-05-03,18,0,0
"1761","Santa Cruz",2020-05-10,19,0,0
"1762","Santa Cruz",2020-05-17,20,0,0
"1763","Santa Cruz",2020-05-24,21,0,0
"1764","Santa Cruz",2020-05-31,22,0,0
"1765","Santa Cruz",2020-06-07,23,0,0
"1766","Santa Cruz",2020-06-14,24,0,0
"1767","Santa Cruz",2020-06-21,25,0,0
"1768","Santa Cruz",2020-06-28,26,0,0
"1769","Santa Cruz",2020-07-05,27,0,0
"1770","Santa Cruz",2020-07-12,28,0,0
"1771","Santa Cruz",2020-07-19,29,0,0
"1772","Santa Cruz",2020-07-26,30,0,0
"1773","Santa Cruz",2020-08-02,31,0,0
"1774","Santa Cruz",2020-08-09,32,1,1
"1775","Santa Cruz",2020-08-16,33,0,1
"1776","Santa Cruz",2020-08-23,34,0,1
"1777","Santa Cruz",2020-08-30,35,0,1
"1778","Santa Cruz",2020-09-06,36,0,1
"1779","Santa Cruz",2020-09-13,37,0,1
"1780","Santa Cruz",2020-09-20,38,0,1
"1781","Santa Cruz",2020-09-27,39,0,1
"1782","Santa Cruz",2020-10-04,40,0,1
"1783","Santa Cruz",2020-10-11,41,0,1
"1784","Santa Cruz",2020-10-18,42,0,1
"1785","Santa Cruz",2020-10-25,43,0,1
"1786","Santa Cruz",2020-11-01,44,0,1
"1787","Santa Cruz",2020-11-08,45,0,1
"1788","Santa Cruz",2020-11-15,46,0,1
"1789","Santa Cruz",2020-11-22,47,0,1
"1790","Santa Cruz",2020-11-29,48,0,1
"1791","Santa Cruz",2020-12-06,49,0,1
"1792","Santa Cruz",2020-12-13,50,0,1
"1793","Santa Cruz",2020-12-20,51,0,1
"1794","Santa Cruz",2020-12-27,52,0,1
"1795","Sáric",2020-04-05,14,0,0
"1796","Sáric",2020-04-12,15,2,2
"1797","Sáric",2020-04-19,16,0,2
"1798","Sáric",2020-04-26,17,0,2
"1799","Sáric",2020-05-03,18,0,2
"1800","Sáric",2020-05-10,19,0,2
"1801","Sáric",2020-05-17,20,0,2
"1802","Sáric",2020-05-24,21,0,2
"1803","Sáric",2020-05-31,22,0,2
"1804","Sáric",2020-06-07,23,0,2
"1805","Sáric",2020-06-14,24,0,2
"1806","Sáric",2020-06-21,25,0,2
"1807","Sáric",2020-06-28,26,0,2
"1808","Sáric",2020-07-05,27,0,2
"1809","Sáric",2020-07-12,28,0,2
"1810","Sáric",2020-07-19,29,0,2
"1811","Sáric",2020-07-26,30,0,2
"1812","Sáric",2020-08-02,31,0,2
"1813","Sáric",2020-08-09,32,0,2
"1814","Sáric",2020-08-16,33,0,2
"1815","Sáric",2020-08-23,34,0,2
"1816","Sáric",2020-08-30,35,0,2
"1817","Sáric",2020-09-06,36,0,2
"1818","Sáric",2020-09-13,37,0,2
"1819","Sáric",2020-09-20,38,0,2
"1820","Sáric",2020-09-27,39,0,2
"1821","Sáric",2020-10-04,40,0,2
"1822","Sáric",2020-10-11,41,0,2
"1823","Sáric",2020-10-18,42,0,2
"1824","Sáric",2020-10-25,43,0,2
"1825","Sáric",2020-11-01,44,0,2
"1826","Sáric",2020-11-08,45,0,2
"1827","Sáric",2020-11-15,46,0,2
"1828","Sáric",2020-11-22,47,1,3
"1829","Sáric",2020-11-29,48,0,3
"1830","Sáric",2020-12-06,49,0,3
"1831","Sáric",2020-12-13,50,0,3
"1832","Sáric",2020-12-20,51,0,3
"1833","Sáric",2020-12-27,52,0,3
"1834","Ures",2020-04-05,14,0,0
"1835","Ures",2020-04-12,15,0,0
"1836","Ures",2020-04-19,16,0,0
"1837","Ures",2020-04-26,17,0,0
"1838","Ures",2020-05-03,18,0,0
"1839","Ures",2020-05-10,19,0,0
"1840","Ures",2020-05-17,20,0,0
"1841","Ures",2020-05-24,21,0,0
"1842","Ures",2020-05-31,22,0,0
"1843","Ures",2020-06-07,23,0,0
"1844","Ures",2020-06-14,24,0,0
"1845","Ures",2020-06-21,25,0,0
"1846","Ures",2020-06-28,26,0,0
"1847","Ures",2020-07-05,27,0,0
"1848","Ures",2020-07-12,28,0,0
"1849","Ures",2020-07-19,29,0,0
"1850","Ures",2020-07-26,30,0,0
"1851","Ures",2020-08-02,31,1,1
"1852","Ures",2020-08-09,32,0,1
"1853","Ures",2020-08-16,33,1,2
"1854","Ures",2020-08-23,34,0,2
"1855","Ures",2020-08-30,35,0,2
"1856","Ures",2020-09-06,36,0,2
"1857","Ures",2020-09-13,37,0,2
"1858","Ures",2020-09-20,38,0,2
"1859","Ures",2020-09-27,39,1,3
"1860","Ures",2020-10-04,40,0,3
"1861","Ures",2020-10-11,41,0,3
"1862","Ures",2020-10-18,42,1,4
"1863","Ures",2020-10-25,43,1,5
"1864","Ures",2020-11-01,44,0,5
"1865","Ures",2020-11-08,45,0,5
"1866","Ures",2020-11-15,46,0,5
"1867","Ures",2020-11-22,47,0,5
"1868","Ures",2020-11-29,48,0,5
"1869","Ures",2020-12-06,49,0,5
"1870","Ures",2020-12-13,50,0,5
"1871","Ures",2020-12-20,51,0,5
"1872","Ures",2020-12-27,52,0,5
"1873","Villa Hidalgo",2020-04-05,14,0,0
"1874","Villa Hidalgo",2020-04-12,15,0,0
"1875","Villa Hidalgo",2020-04-19,16,0,0
"1876","Villa Hidalgo",2020-04-26,17,0,0
"1877","Villa Hidalgo",2020-05-03,18,0,0
"1878","Villa Hidalgo",2020-05-10,19,0,0
"1879","Villa Hidalgo",2020-05-17,20,0,0
"1880","Villa Hidalgo",2020-05-24,21,0,0
"1881","Villa Hidalgo",2020-05-31,22,0,0
"1882","Villa Hidalgo",2020-06-07,23,0,0
"1883","Villa Hidalgo",2020-06-14,24,0,0
"1884","Villa Hidalgo",2020-06-21,25,0,0
"1885","Villa Hidalgo",2020-06-28,26,0,0
"1886","Villa Hidalgo",2020-07-05,27,0,0
"1887","Villa Hidalgo",2020-07-12,28,0,0
"1888","Villa Hidalgo",2020-07-19,29,0,0
"1889","Villa Hidalgo",2020-07-26,30,0,0
"1890","Villa Hidalgo",2020-08-02,31,0,0
"1891","Villa Hidalgo",2020-08-09,32,0,0
"1892","Villa Hidalgo",2020-08-16,33,0,0
"1893","Villa Hidalgo",2020-08-23,34,0,0
"1894","Villa Hidalgo",2020-08-30,35,0,0
"1895","Villa Hidalgo",2020-09-06,36,0,0
"1896","Villa Hidalgo",2020-09-13,37,0,0
"1897","Villa Hidalgo",2020-09-20,38,0,0
"1898","Villa Hidalgo",2020-09-27,39,0,0
"1899","Villa Hidalgo",2020-10-04,40,0,0
"1900","Villa Hidalgo",2020-10-11,41,0,0
"1901","Villa Hidalgo",2020-10-18,42,1,1
"1902","Villa Hidalgo",2020-10-25,43,0,1
"1903","Villa Hidalgo",2020-11-01,44,2,3
"1904","Villa Hidalgo",2020-11-08,45,0,3
"1905","Villa Hidalgo",2020-11-15,46,1,4
"1906","Villa Hidalgo",2020-11-22,47,0,4
"1907","Villa Hidalgo",2020-11-29,48,0,4
"1908","Villa Hidalgo",2020-12-06,49,0,4
"1909","Villa Hidalgo",2020-12-13,50,0,4
"1910","Villa Hidalgo",2020-12-20,51,0,4
"1911","Villa Hidalgo",2020-12-27,52,0,4
